ContentID,PetTypeCode,PetAllowedInfo,PetRequirement,SafetyNotice,PetFacility,PetSupplies,PetPurchasable,PetRentable,EtcPetInfo
2930927,전구역 동반가능,,,,,,,,
4012773,전구역 동반가능,,,,,,,,
4008808,전구역 동반가능,,,,,,,,
2905752,전구역 동반가능,,,,,,,,
2784167,일부구역 동반가능,"최근 1년이내 광견병 접종(증빙서류 필요) 을 완료한 등록된 반려견만 입장 가능(단, 맹견은 입장제한 )",,"최근 1년이내 광견병 접종(증빙서류 필요) 을 완료한 등록된 반려견만 입장 가능(단, 맹견은 입장제한 )",,,,,가야산생태탐방원 2동 (자연의집 - 반려견 전용실)에서만 동반 가능
2707444,일부구역 동반가능,,,,,,,,
2024432,전구역 동반가능,전 견종 동반 가능,목줄 착용,,,,,,"- 맹견의 경우, 입마개 착용 필수
- 배변봉투 지참 및 배변처리 필수"
2927087,전구역 동반가능,,,,,,,,
2357441,전구역 동반가능,전 견종 동반 가능,목줄 착용,,,,,,"- 맹견의 경우, 입마개 착용 필수
- 배변봉투 지참 및 배변처리 필수"
126027,전구역 동반가능,전 견종 동반 가능,목줄 착용,,,,,,"- 맹견의 경우, 입마개 착용 필수
- 배변봉투 지참 및 배변처리 필수"
4008098,전구역 동반가능,,,,,,,,
127778,전구역 동반가능,"전 견종 출입 가능(맹견의 경우, 입마개 착용 필수)",목줄 착용,,,,,,"- 맹견의 경우, 입마개 착용 필수
- 배변봉투 지참 및 배변처리 필수"
2909061,전구역 동반가능,,,,,,,,
132786,일부구역 동반가능,,,,,,,,"동반가능(단, 개목줄 착용, 배설물 처리를 위한 비닐봉지 등을 구비한 이용객에 한하여 허용)"
3083766,일부구역 동반가능,,,,,,,,"동반가능(단, 개목줄 착용, 배설물 처리를 위한 비닐봉지 등을 구비한 이용객에 한하여 허용) 야외 테라스존만 허용"
128213,전구역 동반가능,전 견종 동반 가능,목줄 착용,,,,,,"- 맹견의 경우, 입마개 착용 필수
- 배변봉투 지참 및 배변처리 필수"
2723688,전구역 동반가능,전 견종 동반 가능,목줄 착용,,,,,,"- 맹견의 경우, 입마개 착용 필수
- 배변봉투 지참 및 배변처리 필수"
128022,일부구역 동반가능,전 견종 동반 가능,목줄 착용,,,,,,"- 실내는 동반 불가
- 맹견의 경우, 입마개 착용 필수
- 배변봉투 지참 및 배변처리 필수"
2610509,전구역 동반가능,전 견종 동반 가능,목줄 착용,,,,,,"- 맹견의 경우, 입마개 착용 필수
- 배변봉투 지참 및 배변처리 필수"
2871546,일부구역 동반가능,,,,,,,,
126644,일부구역 동반가능,전 견종 동반 가능,"목줄 착용,반려동물 유모차 탑승,이동장(켄넬)사용,매너벨트 착용",,,,,,"- 맹견의 경우, 입마개 착용 필수
- 배변봉투 지참 및 배변처리 필수"
2685459,일부구역 동반가능,,목줄 착용,,야외 테라스,,,,"반려견 동반 시 야외 테라스만 이용 가능합니다. 리드 줄 필수입니다. 마킹/배변은 주의해 주세요. 우천 시에는 동반 불가 합니다.
* 반려견 동반 운영 정책은 현지 사정에 따라 변동 될 수 있습니다."
3018842,일부구역 동반가능,전 견종 동반 가능,목줄 착용,,,,,,"- 정원 혼잡도에 따라 동반 여부가 상이할 수 있어 방문 전 사전 문의 필수
- 카페 내부는 동반 불가
- 맹견의 경우, 입마개 착용 필수
- 배변봉투 지참 및 배변처리 필수"
127311,전구역 동반가능,전 견종 동반 가능,목줄 착용,,,,,,"- 맹견의 경우, 입마개 착용 필수
- 배변봉투 지참 및 배변처리 필수"
2569511,전구역 동반가능,전 견종 동반 가능,목줄 착용,전 견종 동반 가능,,,,,"- 맹견의 경우, 입마개 착용 필수- 배변봉투 지참 및 배변처리 필수"
1576464,전구역 동반가능,전 견종 동반 가능,목줄 착용,전 견종 동반 가능,,,,,"- 맹견의 경우, 입마개 착용 필수- 배변봉투 지참 및 배변처리 필수"
2807380,일부구역 동반가능,,목줄 착용,,정원,,,,10kg 미만 리드줄 착용 시 입장 가능합니다. 빵 구매 시 반려견은 안아주세요. 배설물 처리 깔끔하게 부탁드립니다. 1층과 야외 정원만 이용 가능합니다. 입질이 심한 반려견은 출입 제한이 될 수 있습니다. 테이블 위에 반려견을 두지 말아주세요.*반려견 동반 운영 정책은 현지 사정에 따라 변동 될 수 있습니다.
4011574,전구역 동반가능,,,,,,,,
128677,전구역 동반가능,전 견종 동반 가능,목줄 착용,,,,,,"- 맹견의 경우, 입마개 착용 필수
- 배변봉투 지참 및 배변처리 필수"
1887866,전구역 동반가능,전 견종 동반 가능,목줄 착용,,,,,,"- 길이 협소한 편으로 다른 사람에게 피해 가지 않도록 주의 필요
- 맹견의 경우, 입마개 착용 필수
- 배변봉투 지참 및 배변처리 필수"
1627011,전구역 동반가능,전 견종 동반 가능,목줄 착용,,,,,,"- 맹견의 경우, 입마개 착용 필수
- 배변봉투 지참 및 배변처리 필수"
988459,전구역 동반가능,전 견종 동반 가능,목줄 착용,전 견종 동반 가능,,,,,"- 맹견의 경우, 입마개 착용 필수- 배변봉투 지참 및 배변처리 필수"
4008130,전구역 동반가능,,,,,,,,
4011645,전구역 동반가능,,,,,,,,
3305292,전구역 동반가능,,,,,,,,
4011566,전구역 동반가능,,,,,,,,
772462,일부구역 동반가능,전 견종 동반 가능,목줄 착용,,,,,,"- 맹견의 경우, 입마개 착용 필수
- 배변봉투 지참 및 배변처리 필수"
128199,전구역 동반가능,전 견종 동반 가능,목줄 착용,,,,,,"- 맹견의 경우, 입마개 착용 필수
- 배변봉투 지참 및 배변처리 필수"
2628994,전구역 동반가능,전 견종 동반 가능,목줄 착용,,,,,,"- 맹견의 경우, 입마개 착용 필수
- 배변봉투 지참 및 배변처리 필수"
2706354,전구역 동반가능,전 견종 동반 가능,목줄 착용,전 견종 동반 가능,,,,,"- 맹견의 경우, 입마개 착용 필수- 배변봉투 지참 및 배변처리 필수"
3537206,전구역 동반가능,,,,,,,,
3536570,전구역 동반가능,,,,,,,,
3544073,전구역 동반가능,,,,,,,,
2930702,전구역 동반가능,전 견종 동반 가능,목줄 착용,,"운동장, 산책로",,,,"- 맹견의 경우, 입마개 착용 필수
- 배변봉투 지참 및 배변처리 필수"
2731193,일부구역 동반가능,전 견종 동반 가능,"목줄 착용,기타",,,,,,"- 맹견의 경우, 입마개 착용 필수
- 배변봉투 지참 및 배변처리 필수"
585522,일부구역 동반가능,전 견종 동반 가능,"입마개 착용,목줄 착용,기타",,,,,,"- 맹견의 경우, 입마개 착용 필수
- 배변봉투 지참 및 배변처리 필수"
2705409,일부구역 동반가능,맹견 제외 예방접종 완료한 3개월 이상의 전 견종 동반 가능,목줄 착용,"훈련사 또는 직원 상시대기, 이용방법 및 규칙 비치, 응급키트 구비, 동물병원 협력","펜스, 안전문, 샤워실, 수영장, 운동장, 산책로, 드라이룸, 펫카페",,,,"- 맹견의 경우, 입마개 착용 필수
- 배변봉투 지참 및 배변처리 필수"
128778,전구역 동반가능,전 견종 동반 가능,목줄 착용,,,,,,"- 맹견의 경우, 입마개 착용 필수
- 배변봉투 지참 및 배변처리 필수"
131169,일부구역 동반가능,전 견종 동반 가능,목줄 착용,,,,,,"- 내부 시설은 동반 불가
- 맹견의 경우, 입마개 착용 필수
- 배변봉투 지참 및 배변처리 필수"
3018216,전구역 동반가능,,목줄 착용,,,,,,
1947118,일부구역 동반가능,소형견(10kg이하) 한마리 동반 가능(두마리일 경우 두마리 합쳐서 10kg이하),목줄 착용,,반려견 전용 탑승석,"배변패드 비치, 배변봉투 제공",경강역 내 카페에서 반려견 간식 판매,,"- 목줄 착용 필수
- 펫바이크 내 반려견 케이지가 설치되어있음"
2774559,일부구역 동반가능,합쳐서 10kg이하 2마리까지 동반 가능,목줄 착용,"긴급전화 운영, 이용방법 및 규칙 비치, 반려견보호자 서약서 서명","- 경강역에 놀이터시설 있음
- 펜스, 안전문, 운동장, 반려견 운동장 내 쉼터, 수돗가 이용 가능","배변봉투, 식기 또는 물그릇, 장난감 또는 놀이용품, 반려견 운동장 내 어질리티 보유, 펫 바이크 내 전용 켄넬 설치",반려견 간식,,"- 경강역에서만 탑승 가능
- 배변봉투 지참 및 배변처리 필수"
127291,전구역 동반가능,전 견종 동반 가능,목줄 착용,전 견종 동반 가능,,,,,"- 맹견의 경우, 입마개 착용 필수- 배변봉투 지참 및 배변처리 필수"
2684765,일부구역 동반가능,전 견종 동반 가능,목줄 착용,,,,,,"- 동광직물생활문화센터, 성당 내부, 소창체험관은 동반 불가
- 맹견의 경우, 입마개 착용 필수
- 배변봉투 지참 및 배변처리 필수"
125534,일부구역 동반가능,전 견종 동반 가능,"목줄 착용,반려동물 유모차 탑승,이동장(켄넬)사용",반려견보호자 서약서 서명,,,,,"- 맹견의 경우, 입마개 착용 필수
- 배변봉투 지참 및 배변처리 필수"
2612802,일부구역 동반가능,전 견종 동반 가능,목줄 착용,,,,,,"- 반려동물과 함께 루지탑승 절대 불가
- 잔디 구역 제외 모든 실외 공간 동반 가능
- 실내 및 케이블카 탑승 시 반려동물 케이지(켄넬) 또는 유모차 이용
- 맹견의 경우, 입마개 착용 필수
- 배변봉투 지참 및 배변처리 필수"
3112041,,12kg 미만,자유이용,"훈련사 또는 직원 상시대기, 긴급전화 운영, 이용방법 및 규칙 비치, 응급키트 구비, 동물병원 협력, 시설 내 동물병원 입점","펜스, 안전문, 샤워실, 수영장, 운동장, 드라이룸","배변봉투, 식기 또는 물그릇",반려동물 & 보호자 전용 용품코너 입점,반려동물 구명조끼 무료 대여,12kg 미만
2848931,전구역 동반가능,17kg 이하 또는 6개월 미만 대형견 동반 가능,,,"수영장, 샤워실, 놀이터","물티슈, 배변봉투",,,
3385851,일부구역 동반가능,전 견종 동반 가능,목줄 착용,,,,,,"- 맹견의 경우, 입마개 착용 필수
- 배변봉투 지참 및 배변처리 필수"
947611,전구역 동반가능,전 견종 동반 가능,목줄 착용,,,,,,"- 배변봉투 지참 및 배변처리 필수
- 실내 전시관, 체험시설 등은 반려동물 출입 제한"
129439,일부구역 동반가능,전 견종 동반 가능,목줄 착용,,,,,,"- 공원 내 미술관은 이동장(켄넬) 또는 보호자가 안고 이동
- 맹견의 경우, 입마개 착용 필수
- 배변봉투 지참 및 배변처리 필수"
2909297,전구역 동반가능,,,,,,,,
2911526,전구역 동반가능,,,,,,,,
4011490,전구역 동반가능,,,,,,,,
4024938,전구역 동반가능,,,,,,,,
2925830,전구역 동반가능,,,,,,,,
2928141,전구역 동반가능,,,,,,,,
2925676,전구역 동반가능,,,,,,,,
2918406,전구역 동반가능,,,,,,,,
2926574,전구역 동반가능,,,,,,,,
2917484,전구역 동반가능,,,,,,,,
4011059,전구역 동반가능,,,,,,,,
2922404,전구역 동반가능,,,,,,,,
2917614,전구역 동반가능,,,,,,,,
2926576,전구역 동반가능,,,,,,,,
2922431,전구역 동반가능,,,,,,,,
2903218,전구역 동반가능,,,,,,,,
2918407,전구역 동반가능,,,,,,,,
2918608,전구역 동반가능,,,,,,,,
2917374,전구역 동반가능,,,,,,,,
2903693,전구역 동반가능,,,,,,,,
2918486,전구역 동반가능,,,,,,,,
2929094,전구역 동반가능,,,,,,,,
2918461,전구역 동반가능,,,,,,,,
4011845,전구역 동반가능,,,,,,,,
2917367,전구역 동반가능,,,,,,,,
2918546,전구역 동반가능,,,,,,,,
2925515,전구역 동반가능,,,,,,,,
2922391,전구역 동반가능,,,,,,,,
4026926,전구역 동반가능,,,,,,,,
2924770,전구역 동반가능,,,,,,,,
2926580,전구역 동반가능,,,,,,,,
2927063,전구역 동반가능,,,,,,,,
2918393,전구역 동반가능,,,,,,,,
2926573,전구역 동반가능,,,,,,,,
2922433,전구역 동반가능,,,,,,,,
2926529,전구역 동반가능,,,,,,,,
2929208,전구역 동반가능,,,,,,,,
2903176,전구역 동반가능,,,,,,,,
2918409,전구역 동반가능,,,,,,,,
2914261,전구역 동반가능,,,,,,,,
2918713,전구역 동반가능,,,,,,,,
2925518,전구역 동반가능,,,,,,,,
2917487,전구역 동반가능,,,,,,,,
2922390,전구역 동반가능,,,,,,,,
2917542,전구역 동반가능,,,,,,,,
3305424,전구역 동반가능,,,,,,,,
3306920,전구역 동반가능,,,,,,,,
2902043,전구역 동반가능,,,,,,,,
2924240,전구역 동반가능,,,,,,,,
1918646,전구역 동반가능,전 견종 동반 가능,목줄 착용,,,,,,"- 맹견의 경우, 입마개 착용 필수
- 배변봉투 지참 및 배변처리 필수"
4012720,전구역 동반가능,,,,,,,,
3112059,일부구역 동반가능,대형견(25kg이상)까지 가능,목줄 착용,없음,"운동장,산책로",없음,없음,없음,대형견(25kg이상)까지 가능
2796956,전구역 동반가능,전 견종 동반 가능,목줄 착용,전 견종 동반 가능,,,,,"- 맹견의 경우, 입마개 착용 필수- 배변봉투 지참 및 배변처리 필수"
127696,일부구역 동반가능,전 견종 동반 가능,목줄 착용,,,,,,"- 시설(캠핑장, 야영장, 수영장, 썰매장 등)은
 동반 불가
- 맹견의 경우, 입마개 착용 필수
- 배변봉투 지참 및 배변처리 필수"
2755874,일부구역 동반가능,전 견종 동반 가능,"목줄 착용,반려동물 유모차 탑승,이동장(켄넬)사용",전 견종 동반 가능,,,,,"- 맹견의 경우, 입마개 착용 필수- 배변봉투 지참 및 배변처리 필수"
4011765,전구역 동반가능,,,,,,,,
4027088,전구역 동반가능,,,,,,,,
4008823,전구역 동반가능,,,,,,,,
2918717,전구역 동반가능,,,,,,,,
4024895,전구역 동반가능,,,,,,,,
2903844,전구역 동반가능,,,,,,,,
2925713,전구역 동반가능,,,,,,,,
2923081,전구역 동반가능,,,,,,,,
3305814,전구역 동반가능,,,,,,,,
4008283,전구역 동반가능,,,,,,,,
2931661,전구역 동반가능,,,,,,,,
3305931,전구역 동반가능,,,,,,,,
3306078,전구역 동반가능,,,,,,,,
2905870,전구역 동반가능,,,,,,,,
4012065,전구역 동반가능,,,,,,,,
2929245,전구역 동반가능,,,,,,,,
2928454,전구역 동반가능,,,,,,,,
4011536,전구역 동반가능,,,,,,,,
2924480,전구역 동반가능,,,,,,,,
2925835,전구역 동반가능,,,,,,,,
2925674,전구역 동반가능,,,,,,,,
2929098,전구역 동반가능,,,,,,,,
2926789,전구역 동반가능,,,,,,,,
2915123,전구역 동반가능,,,,,,,,
3305429,전구역 동반가능,,,,,,,,
2911704,전구역 동반가능,,,,,,,,
2902933,전구역 동반가능,,,,,,,,
4012032,전구역 동반가능,,,,,,,,
2930010,전구역 동반가능,,,,,,,,
3306700,전구역 동반가능,,,,,,,,
3306540,전구역 동반가능,,,,,,,,
2569003,전구역 동반가능,소형견,목줄 착용,,,,,,
2894215,전구역 동반가능,,,,,,,,
2905368,전구역 동반가능,,,,,,,,
3307010,전구역 동반가능,,,,,,,,
2894216,전구역 동반가능,,,,,,,,
126133,전구역 동반가능,전 견종 동반 가능,목줄 착용,,,,,,"- 맹견의 경우, 입마개 착용 필수
- 배변봉투 지참 및 배변처리 필수"
2605528,전구역 동반가능,전 견종 동반 가능,목줄 착용,,,,,,"- 맹견의 경우, 입마개 착용 필수
- 배변봉투 지참 및 배변처리 필수"
4012706,전구역 동반가능,,,,,,,,
128116,전구역 동반가능,전 견종 동반 가능,목줄 착용,,,,,,"- 맹견의 경우, 입마개 착용 필수
- 배변봉투 지참 및 배변처리 필수"
128676,일부구역 동반가능,전 견종 동반 가능,목줄 착용,전 견종 동반 가능,,,,,"- 일부 실내 시설 이용 시 입장 가능 여부 확인 필요- 맹견의 경우, 입마개 착용 필수- 배변봉투 지참 및 배변처리 필수"
126218,전구역 동반가능,전 견종 동반 가능,목줄 착용,,,,,,"- 맹견의 경우, 입마개 착용 필수
- 배변봉투 지참 및 배변처리 필수"
126230,전구역 동반가능,전 견종 동반 가능,목줄 착용,전 견종 동반 가능,,,,,"- 맹견의 경우, 입마개 착용 필수- 배변봉투 지참 및 배변처리 필수"
126166,일부구역 동반가능,전 견종 동반 가능,목줄 착용,전 견종 동반 가능,,,,,- 배변봉투 지참 및 배변처리 필수- 불국사 사찰 내부의 경우 반려동물 동반 입장 제한- 불국사 인근의 불국공원의 경우 반려동물과 함께 산책 가능
128612,전구역 동반가능,전 견종 동반 가능,목줄 착용,,,,,,"- 맹견의 경우, 입마개 착용 필수
- 배변봉투 지참 및 배변처리 필수"
126207,일부구역 동반가능,전 견종 동반 가능,목줄 착용,,,,,,"- 울타리 안 반려동물 출입 불가
- 맹견의 경우, 입마개 착용 필수
- 배변봉투 지참 및 배변처리 필수"
2756689,전구역 동반가능,전 견종 동반 가능,목줄 착용,,,,,,"- 맹견의 경우, 입마개 착용 필수
- 배변봉투 지참 및 배변처리 필수"
2658227,일부구역 동반가능,전 견종 동반 가능,목줄 착용,전 견종 동반 가능,,,,,"- 일부 실내 시설 이용 시 입장 가능 여부 확인 필요- 맹견의 경우, 입마개 착용 필수- 배변봉투 지참 및 배변처리 필수"
127487,일부구역 동반가능,일부 견종 동반 가능,목줄 착용,,,,,,"- 맹견 입장 불가
- 공원 내 실내 시설 및 야간 입장 불가
- 인식표 필수 착용
- 배변봉투 지참 및 배변처리 필수"
2756611,일부구역 동반가능,전 견종 동반 가능,목줄 착용,,,,,,"- 경주읍성 성곽 위 관람로는 반려견 동반 불가,
성벽 아래 산책로 이용 가능
- 잔디밭 진입 금지
- 2m 내외 목줄 착용
- 맹견의 경우, 입마개 착용 필수
- 배변봉투 지참 및 배변처리 필수"
2756567,전구역 동반가능,전 견종 동반 가능,목줄 착용,,,,,,"- 맹견의 경우, 입마개 착용 필수
- 배변봉투 지참 및 배변처리 필수"
2712742,전구역 동반가능,전 견종 동반 가능,목줄 착용,,,,,,"- 맹견의 경우, 입마개 착용 필수
- 배변봉투 지참 및 배변처리 필수"
128758,일부구역 동반가능,전 견종 동반 가능,"입마개 착용,목줄 착용,기타",,"샤워실, 화장실",,,,"- 해수욕장 개장 기간에는 동반이 제한될 수 있음
- 맹견의 경우, 입마개 착용 필수
- 배변봉투 지참 및 배변처리 필수"
3102215,,불가,,,,,,,
716272,전구역 동반가능,전 견종 동반 가능,목줄 착용,,,,,,"- 맹견의 경우, 입마개 착용 필수
- 배변봉투 지참 및 배변처리 필수"
3429965,전구역 동반가능,,자유이용,,,,,,"보조견 동반 가능, 공원 내 기차전시관에 계시는 안전요원분이 계셔 해설 안내 가능"
4008751,전구역 동반가능,,,,,,,,
2654766,전구역 동반가능,전 견종 동반 가능,목줄 착용,,,,,,"- 맹견의 경우, 입마개 착용 필수
- 배변봉투 지참 및 배변처리 필수"
125817,일부구역 동반가능,"최근 1년이내 광견병 접종(증빙서류 필요) 을 완료한 등록된 반려견만 입장 가능(단, 맹견은 입장제한 )",,,,,,,"산책로 이용 불가
체류형 시설(동학사 야영장 2동 (하우스5, 하우스6)) 에만 이용 가능
반려견 동반 예약자 분들께서는 입장시 국립공원 직원에게 반려견 등록증 및 인식표, 최근 1년이내 광견병 등 예방접종 확인서 제시"
2661787,전구역 동반가능,전 견종 동반 가능,목줄 착용,,,,,,"- 맹견의 경우, 입마개 착용 필수
- 배변봉투 지참 및 배변처리 필수"
1720749,일부구역 동반가능,전 견종 동반 가능,목줄 착용,전 견종 동반 가능,,,,,"- 맹견의 경우, 입마개 착용 필수- 배변봉투 지참 및 배변처리 필수- 맨발 체험이 가능한 황톳길은 동반 불가- 황톳길 옆 보행 도로는 동반 가능"
2893631,전구역 동반가능,,,,,,,,
4026578,전구역 동반가능,,,,,,,,
4009482,전구역 동반가능,,,,,,,,
2914808,전구역 동반가능,전 견종 동반 가능,목줄 착용,,,,,,"- 맹견의 경우, 입마개 착용 필수
- 배변봉투 지참 및 배변처리 필수"
2558052,일부구역 동반가능,,,"보호자의 허락 없이 반려견을 만지지 않도록 안전사고 예방 펫티켓을 지켜주시기 바랍니다. 반려견에 의한 안전사고, 반려견에 의해 시설물이 파손되는 경우 보호자에게 책임이 있습니다. 반려인들의 책임감 있는 태도와 비반려인의 배려로 올바른 펫 문화가 정착될 수 있도록 이용 수칙을 꼭 지켜주시기 바랍니다.",,,,,"실내 공간은 반드시 반려견을 보호자가 품에 안고 입장 및 이동해 주시고, 
고객용 식기 및 아기의자 등은 반려견 사용이 제한 돼오니 양해 해주시기 바랍니다. 반려견 용품은 나미스토어, 고목, 스윙까페, 북까페 등 매장에서 구매 가능합니다. 
*반려견 동반 운영 정책은 현지 사정에 따라 변동 될 수 있습니다."
125875,전구역 동반가능,전 견종 동반 가능,목줄 착용,전 견종 동반 가능,,,,,"- 맹견의 경우, 입마개 착용 필수- 배변봉투 지참 및 배변처리 필수"
2615225,전구역 동반가능,전 견종 동반 가능,목줄 착용,,,,,,"- 맹견의 경우, 입마개 착용 필수
- 배변봉투 지참 및 배변처리 필수"
2749319,전구역 동반가능,전 견종 동반 가능,목줄 착용,,,,,,"- 맹견의 경우, 입마개 착용 필수
- 배변봉투 지참 및 배변처리 필수"
125782,전구역 동반가능,전 견종 동반 가능,입마개 착용,,,,,,"- 맹견 및 10kg 이상 대형견의 경우, 입마개 착용 필수
- 배변봉투 지참 및 배변처리 필수"
778140,일부구역 동반가능,전 견종 동반 가능,"목줄 착용,기타",,,,,,"- 전시실 내에는 안내견 이외 동반 금지
- 배변봉투 지참 및 배변처리 필수"
125804,일부구역 동반가능,전 견종 동반 가능,목줄 착용,전 견종 동반 가능,,,,,"- 실내 시설은 동반 불가- 맹견의 경우, 입마개 착용 필수- 배변봉투 지참 및 배변처리 필수"
1990092,전구역 동반가능,맹인 안내견,,,,,,,
128171,일부구역 동반가능,전 견종 동반 가능(이동장 이용 필수),"목줄 착용,반려동물 유모차 탑승,이동장(켄넬)사용",,,,,,"- 통일전망타워 내부는 동반 가능하나 통일관, 전시관은 동반 불가
- 배변봉투 지참 및 배변처리 필수"
2514658,전구역 동반가능,전 견종 동반 가능,목줄 착용,,,,,,"- 맹견의 경우, 입마개 착용 필수
- 배변봉투 지참 및 배변처리 필수"
3540230,일부구역 동반가능,,,,,,,,
3378995,전구역 동반가능,전 견종 동반 가능,목줄 착용,,,,,,"- 실내는 동반불가
- 맹견의 경우, 입마개 착용 필수
- 배변봉투 지참 및 배변처리 필수"
3535266,전구역 동반가능,,,,,,,,
2925743,전구역 동반가능,,,,,,,,
2906689,전구역 동반가능,,,,,,,,
4026549,전구역 동반가능,,,,,,,,
2604533,전구역 동반가능,문의요망,,,,,,,
126547,일부구역 동반가능,전 견종 동반 가능,"목줄 착용,이동장(켄넬)사용",,,,,,"- 박물관 내부는 이동장 이용시 동반가능
- 유적지는 목줄착용 동반가능
- 맹견의 경우, 입마개 착용 필수
- 배변봉투 지참 및 배변처리 필수"
126039,전구역 동반가능,전 견종 동반 가능,목줄 착용,,,,,,"- 맹견의 경우, 입마개 착용 필수
- 배변봉투 지참 및 배변처리 필수"
3102105,,불가,,,,,,,
3000149,전구역 동반가능,전 견종 동반 가능,목줄 착용,,,,,,"- 맹견의 경우, 입마개 착용 필수
- 배변봉투 지참 및 배변처리 필수"
2606725,전구역 동반가능,전 견종 동반 가능,목줄 착용,,,,,,"- 맹견의 경우, 입마개 착용 필수
- 배변봉투 지참 및 배변처리 필수"
2607706,전구역 동반가능,전화문의,,,,,,,
2720498,전구역 동반가능,전 견종 동반 가능,목줄 착용,,,,,,"- 맹견의 경우, 입마개 착용 필수
- 배변봉투 지참 및 배변처리 필수"
4008337,전구역 동반가능,,,,,,,,
2911463,전구역 동반가능,,,,,,,,
3511367,전구역 동반가능,,,,,,,,
4027227,전구역 동반가능,,,,,,,,
2925294,전구역 동반가능,,,,,,,,
4026662,전구역 동반가능,,,,,,,,
4010555,전구역 동반가능,,,,,,,,
2907026,전구역 동반가능,,,,,,,,
3307027,전구역 동반가능,,,,,,,,
4026552,전구역 동반가능,,,,,,,,
4012334,전구역 동반가능,,,,,,,,
2913528,전구역 동반가능,,,,,,,,
2909892,전구역 동반가능,,,,,,,,
2931786,전구역 동반가능,,,,,,,,
4012937,전구역 동반가능,,,,,,,,
4013044,전구역 동반가능,,,,,,,,
4013274,전구역 동반가능,,,,,,,,
2927159,전구역 동반가능,,,,,,,,
4026648,전구역 동반가능,,,,,,,,
2911556,전구역 동반가능,,,,,,,,
2906050,전구역 동반가능,,,,,,,,
2915849,전구역 동반가능,,,,,,,,
2925474,전구역 동반가능,,,,,,,,
2931854,전구역 동반가능,,,,,,,,
2914606,전구역 동반가능,,,,,,,,
2928332,전구역 동반가능,,,,,,,,
4011260,전구역 동반가능,,,,,,,,
2931731,전구역 동반가능,,,,,,,,
2915248,전구역 동반가능,,,,,,,,
4012986,전구역 동반가능,,,,,,,,
2901176,전구역 동반가능,,,,,,,,
2925471,전구역 동반가능,,,,,,,,
3305523,전구역 동반가능,,,,,,,,
4011862,전구역 동반가능,,,,,,,,
2916173,전구역 동반가능,,,,,,,,
4011036,전구역 동반가능,,,,,,,,
2928871,전구역 동반가능,,,,,,,,
2931431,전구역 동반가능,,,,,,,,
2910574,전구역 동반가능,,,,,,,,
4012402,전구역 동반가능,,,,,,,,
4011525,전구역 동반가능,,,,,,,,
2915088,전구역 동반가능,,,,,,,,
4012998,전구역 동반가능,,,,,,,,
4012265,전구역 동반가능,,,,,,,,
4027167,전구역 동반가능,,,,,,,,
2915272,전구역 동반가능,,,,,,,,
4026695,전구역 동반가능,,,,,,,,
2928843,전구역 동반가능,,,,,,,,
2931838,전구역 동반가능,,,,,,,,
2929165,전구역 동반가능,,,,,,,,
2915104,전구역 동반가능,,,,,,,,
2931177,전구역 동반가능,,,,,,,,
4027082,전구역 동반가능,,,,,,,,
2930951,전구역 동반가능,,,,,,,,
4011589,전구역 동반가능,,,,,,,,
4011275,전구역 동반가능,,,,,,,,
4011846,전구역 동반가능,,,,,,,,
4012256,전구역 동반가능,,,,,,,,
4011304,전구역 동반가능,,,,,,,,
4027329,전구역 동반가능,,,,,,,,
3305472,전구역 동반가능,,,,,,,,
2923766,전구역 동반가능,,,,,,,,
2915786,전구역 동반가능,,,,,,,,
4012588,전구역 동반가능,,,,,,,,
4013049,전구역 동반가능,,,,,,,,
4013142,전구역 동반가능,,,,,,,,
4011307,전구역 동반가능,,,,,,,,
4013047,전구역 동반가능,,,,,,,,
2923187,전구역 동반가능,,,,,,,,
2910652,전구역 동반가능,,,,,,,,
4012401,전구역 동반가능,,,,,,,,
4011508,전구역 동반가능,,,,,,,,
3306785,전구역 동반가능,,,,,,,,
2922944,전구역 동반가능,,,,,,,,
4013078,전구역 동반가능,,,,,,,,
4012177,전구역 동반가능,,,,,,,,
3306000,전구역 동반가능,,,,,,,,
2926712,전구역 동반가능,,,,,,,,
3306544,전구역 동반가능,,,,,,,,
2900985,전구역 동반가능,,,,,,,,
2908291,전구역 동반가능,,,,,,,,
4013138,전구역 동반가능,,,,,,,,
4011280,전구역 동반가능,,,,,,,,
4010562,전구역 동반가능,,,,,,,,
4011889,전구역 동반가능,,,,,,,,
4012589,전구역 동반가능,,,,,,,,
4012984,전구역 동반가능,,,,,,,,
4012279,전구역 동반가능,,,,,,,,
4012288,전구역 동반가능,,,,,,,,
4026585,전구역 동반가능,,,,,,,,
4011205,전구역 동반가능,,,,,,,,
4013141,전구역 동반가능,,,,,,,,
4011789,전구역 동반가능,,,,,,,,
4012844,전구역 동반가능,,,,,,,,
4012515,전구역 동반가능,,,,,,,,
2784124,전구역 동반가능,전 견종 동반 가능,목줄 착용,전 견종 동반 가능,,,,,"- 맹견의 경우, 입마개 착용 필수- 배변봉투 지참 및 배변처리 필수"
129004,일부구역 동반가능,전 견종 동반 가능,목줄 착용,,,,,,"- 맹견의 경우, 입마개 착용 필수
- 배변봉투 지참 및 배변처리 필수"
2622230,전구역 동반가능,5kg 이하 강아지,목줄 착용,,,,,,
128981,전구역 동반가능,전 견종 동반 가능,목줄 착용,,,,,,"- 맹견 및 대형견의 경우, 입마개 착용 필수
- 배변봉투 지참 및 배변처리 필수"
2930334,일부구역 동반가능,맹견 제외 동물 등록 완료한 전 견종 동반 가능,목줄 착용,cctv 7개,"40cm 기준으로 소중형견/ 대형견 놀이터, 펜스, 반려견 공중화장실",,,,"입, 퇴장시 목줄 착용 필수"
4012540,전구역 동반가능,,,,,,,,
250419,전구역 동반가능,전 견종 동반 가능,목줄 착용,,,,,,"- 맹견의 경우, 입마개 착용 필수
- 배변봉투 지참 및 배변처리 필수"
127925,전구역 동반가능,전 견종 동반 가능,목줄 착용,,,,,,"- 맹견의 경우, 입마개 착용 필수
- 배변봉투 지참 및 배변처리 필수"
126078,일부구역 동반가능,전 견종 동반 가능,목줄 착용,,,,,,"- 맹견의 경우, 입마개 착용 필수
- 배변봉투 지참 및 배변처리 필수"
126669,전구역 동반가능,전 견종 동반 가능,목줄 착용,,,,,,"- 맹견의 경우, 입마개 착용 필수
- 배변봉투 지참 및 배변처리 필수"
4012829,전구역 동반가능,,,,,,,,
2904104,전구역 동반가능,,,,,,,,
4008829,전구역 동반가능,,,,,,,,
2713784,일부구역 동반가능,,목줄 착용,,강아지 동반 샤워장 구비,,,,바다 입수 시 목줄 착용 필수
2987914,일부구역 동반가능,전 견종 동반 가능,"입마개 착용,목줄 착용,기타",,,,,,-인식표 및 입마개 착용
2564158,전구역 동반가능,전 견종 동반 가능,목줄 착용,,,,,,"- 맹견의 경우, 입마개 착용 필수
- 배변봉투 지참 및 배변처리 필수"
4012711,전구역 동반가능,,,,,,,,
4012982,전구역 동반가능,,,,,,,,
2746376,전구역 동반가능,,,,,,,,
2629550,,불가,,,,,,,
4012229,전구역 동반가능,,,,,,,,
4012688,전구역 동반가능,,,,,,,,
4027086,전구역 동반가능,,,,,,,,
4013167,전구역 동반가능,,,,,,,,
4011684,전구역 동반가능,,,,,,,,
4011682,전구역 동반가능,,,,,,,,
4013035,전구역 동반가능,,,,,,,,
4012868,전구역 동반가능,,,,,,,,
4012168,전구역 동반가능,,,,,,,,
4026764,전구역 동반가능,,,,,,,,
4026607,전구역 동반가능,,,,,,,,
2926549,전구역 동반가능,,,,,,,,
2927049,전구역 동반가능,,,,,,,,
4012910,전구역 동반가능,,,,,,,,
2928341,전구역 동반가능,,,,,,,,
127747,전구역 동반가능,"- 동물보호법 시행규칙 제1조 2항에 근거한 맹견품종 제외
(도사견, 아메리칸 핏불 테리어, 아메리칸 스태퍼드셔 테리어, 스태퍼드셔 불 테리어, 로트와일러 및 그 잡종의 개)

- 동물보호법 상 맹견으로 표기되지 않았으나 위압감을 주거나 공격성향이 강한 품종 제외
(도고 아르헨티노, 케인코르소, 오브차카, 티베탄 마스티프, 울프독 등)

- 기타 다른 반려견이나 사람에게 피해를 줄 수 있는 개 제외

- 반려동물 등록이 되어 있지 않은 개 제외","목줄 착용,기타",,,,,,- 인식표 착용
4013046,전구역 동반가능,,,,,,,,
4011124,전구역 동반가능,,,,,,,,
2916099,전구역 동반가능,,,,,,,,
4027159,전구역 동반가능,,,,,,,,
4012847,전구역 동반가능,,,,,,,,
2903265,전구역 동반가능,,,,,,,,
2916111,전구역 동반가능,,,,,,,,
3438591,전구역 동반가능,소형견,,,,,,,
2648994,전구역 동반가능,전 견종 동반 가능,목줄 착용,전 견종 동반 가능,,,,,"- 맹견의 경우, 입마개 착용 필수- 배변봉투 지참 및 배변처리 필수"
3112063,,,"자유이용,목줄 착용",,"펜스,안전문,운동장,놀이기구",,,,대형견 가능 (25kg이상)
1909659,일부구역 동반가능,전 견종 동반 가능,목줄 착용,,,,,,"- 전시관 등 실내 시설은 동반 불가
- 맹견의 경우, 입마개 착용 필수
- 배변봉투 지참 및 배변처리 필수"
228874,전구역 동반가능,전 견종 동반 가능,목줄 착용,,,,,,"- 맹견의 경우, 입마개 착용 필수
- 배변봉투 지참 및 배변처리 필수"
2909578,전구역 동반가능,,,,,,,,
2783371,전구역 동반가능,전 견종 동반 가능,목줄 착용,전 견종 동반 가능,,,,,"- 맹견의 경우, 입마개 착용 필수- 배변봉투 지참 및 배변처리 필수"
3046988,일부구역 동반가능,중소형견 동반 가능,"목줄 착용,이동장(켄넬)사용",,,,,,이동장(켄넬) 또는 목줄 착용 후 보호자가 안고서만 동반 가능
2907570,전구역 동반가능,,,,,,,,
2900743,전구역 동반가능,,,,,,,,
2908263,전구역 동반가능,,,,,,,,
4011087,전구역 동반가능,,,,,,,,
2928948,전구역 동반가능,,,,,,,,
2907426,전구역 동반가능,,,,,,,,
2915293,전구역 동반가능,,,,,,,,
2910708,전구역 동반가능,,,,,,,,
2909270,전구역 동반가능,,,,,,,,
2907645,전구역 동반가능,,,,,,,,
2925834,전구역 동반가능,,,,,,,,
2908461,전구역 동반가능,,,,,,,,
2909035,전구역 동반가능,,,,,,,,
2911516,전구역 동반가능,,,,,,,,
2926585,전구역 동반가능,,,,,,,,
2911580,전구역 동반가능,,,,,,,,
2909833,전구역 동반가능,,,,,,,,
1250885,,,,,,,,,가능(점포마다 다름)
2917376,전구역 동반가능,,,,,,,,
2918499,전구역 동반가능,,,,,,,,
3306224,전구역 동반가능,,,,,,,,
3306952,전구역 동반가능,,,,,,,,
2918562,전구역 동반가능,,,,,,,,
2918729,전구역 동반가능,,,,,,,,
2925855,전구역 동반가능,,,,,,,,
3428156,전구역 동반가능,,,,,,,,
127171,일부구역 동반가능,맹견 제외 15kg 이하 예방 접종 완료한 전 견종 동반 가능,"입마개 착용,목줄 착용",반려인을 대상으로 관련 각서를 받음,반려견 놀이터,,,,"- 산음휴향림 반려견지구 별도로 있음(네비에 반려견지구로 검색후 방문요망)
- 11.3일까지만 운영
- 배변봉투 지참 및 배변처리 필수"
125419,,,목줄 착용,없음,산책로,없음,없음,없음,반려견(15kg 이하)
126745,일부구역 동반가능,맹견 제외 15kg 이하 예방 접종 완료한 전 견종 동반 가능,"목줄 착용,매너벨트 착용",반려견보호자 서약서 서명,"펜스,운동장",,,,배변봉투 지참 및 배변처리 필수
2385666,일부구역 동반가능,전 견종 동반 가능,목줄 착용,전 견종 동반 가능,,,,,"- 야외 공간만 동반 가능- 맹견의 경우, 입마개 착용 필수- 배변봉투 지참 및 배변처리 필수"
130654,,,,,,,,,동반 불가(안내견만 가능)
2734845,일부구역 동반가능,맹견 제외 14kg 이하 예방접종 및 동물등록 완료한 전 견종 동반 가능,목줄 착용,"훈련사 또는 직원 상시대기,긴급전화 운영,이용방법 및 규칙 비치,응급키트 구비,동물병원 협력",데크 주변 안전펜스,,,,"- 11.3일끼지만 가능, 1~4번데크만 허용
- 차박은 불가는 반드시 텐트피칭 필요
- 고양이는 불가능
- 단순 입장 시엔 1마리만 동반 가능하나 숙박 시엔 객실 당 2마리까지 동반 가능"
2798935,일부구역 동반가능,,"입마개 착용,목줄 착용,기타",,트레킹 코스,,,,"반려견 인식표 및 리드 줄, 입마개 필수입니다. 반려견 배변 시 보호자가 배변봉투, 물티슈 등 지참 후 즉시 처리하여야 합니다.
*반려견 동반 운영 정책은 현지 사정에 따라 변동 될 수 있습니다."
2941029,일부구역 동반가능,전 견종 동반 가능,목줄 착용,,,,,,"- 3월 중순~ 4월말, 10월 중순~11월 말 동반 가능
- 동물농장 구역 동반 불가
- 맹견의 경우, 입마개 착용 필수
- 배변봉투 지참 및 배변처리 필수"
2764833,일부구역 동반가능,전 견종 동반 가능,목줄 착용,,,,,,"- 맹견의 경우, 입마개 착용 필수
- 배변봉투 지참 및 배변처리 필수"
651687,전구역 동반가능,전 견종 동반 가능,목줄 착용,,,배변봉투,,,"- 맹견의 경우, 입마개 착용 필수
- 배변봉투 지참 및 배변처리 필수"
3018375,일부구역 동반가능,,,,,,,,
1032715,일부구역 동반가능,"전 견종 출입 가능(맹견의 경우, 입마개 착용 필수)",목줄 착용,"전 견종 출입 가능(맹견의 경우, 입마개 착용 필수)",,,,,별도의 쓰레기 처리 시설이 없으므로 배변봉투 지참 및 수거 필수
4013093,전구역 동반가능,,,,,,,,
4027316,전구역 동반가능,,,,,,,,
4011388,전구역 동반가능,,,,,,,,
2514454,전구역 동반가능,전 견종 동반 가능,목줄 착용,,,,,,"- 맹견의 경우, 입마개 착용 필수
- 배변봉투 지참 및 배변처리 필수"
4009594,전구역 동반가능,,,,,,,,
4013228,전구역 동반가능,,,,,,,,
4027224,전구역 동반가능,,,,,,,,
3447080,전구역 동반가능,,,,,,,,
2893689,전구역 동반가능,,,,,,,,
2725982,일부구역 동반가능,9kg 이하 동반 가능,목줄 착용,,펫룸,,,,"- 맹견의 경우, 입마개 착용 필수
- 배변봉투 지참 및 배변처리 필수"
3469422,일부구역 동반가능,,,,,,,,
4011564,전구역 동반가능,,,,,,,,
4012675,전구역 동반가능,,,,,,,,
3306736,전구역 동반가능,,,,,,,,
3305436,전구역 동반가능,,,,,,,,
3305846,전구역 동반가능,,,,,,,,
3438659,전구역 동반가능,시각 장애인 안내견,목줄 착용,,,,,,
2925119,전구역 동반가능,,,,,,,,
4009611,전구역 동반가능,,,,,,,,
2726420,전구역 동반가능,전 견종 동반 가능,목줄 착용,전 견종 동반 가능,,,,,"- 맹견의 경우, 입마개 착용 필수- 배변봉투 지참 및 배변처리 필수"
4008009,전구역 동반가능,,,,,,,,
4009129,전구역 동반가능,,,,,,,,
4012587,전구역 동반가능,,,,,,,,
2914777,전구역 동반가능,,,,,,,,
4011893,전구역 동반가능,,,,,,,,
4012512,전구역 동반가능,,,,,,,,
4012799,전구역 동반가능,,,,,,,,
2782917,일부구역 동반가능,,목줄 착용,,야외 공간,,,,"리드줄, 배변 봉투 지참 부탁 드립니다.
*반려견 동반 운영 정책은 현지 사정에 따라 변동 될 수 있습니다."
2916067,전구역 동반가능,,,,,,,,
4009413,전구역 동반가능,,,,,,,,
4011336,전구역 동반가능,,,,,,,,
3533003,일부구역 동반가능,10kg 이하 반려견 한마리,,,,"펫 하우스, 펫 샴푸, 펫 타월, 펫 식기, 배변패드",,,
4012879,전구역 동반가능,,,,,,,,
4012063,전구역 동반가능,,,,,,,,
2930403,전구역 동반가능,,,,,,,,
4011321,전구역 동반가능,,,,,,,,
3306469,전구역 동반가능,,,,,,,,
1607440,일부구역 동반가능,전 견종 동반 가능,목줄 착용,,,,,,"- 맹견의 경우, 입마개 착용 필수
- 배변봉투 지참 및 배변처리 필수"
2606117,일부구역 동반가능,동물 등록 완료한 전 견종 동반 가능,"입마개 착용,목줄 착용",,,,,,"- 맹견의 경우, 입마개 착용 필수
- 배변봉투 지참 및 배변처리 필수"
4013178,전구역 동반가능,,,,,,,,
4027168,전구역 동반가능,,,,,,,,
2925042,전구역 동반가능,,,,,,,,
2910205,전구역 동반가능,,,,,,,,
2912754,전구역 동반가능,,,,,,,,
3305368,전구역 동반가능,,,,,,,,
2931664,전구역 동반가능,,,,,,,,
2925261,전구역 동반가능,,,,,,,,
2931807,전구역 동반가능,,,,,,,,
2930804,전구역 동반가능,,,,,,,,
2924212,전구역 동반가능,,,,,,,,
3306069,전구역 동반가능,,,,,,,,
2909687,전구역 동반가능,,,,,,,,
4008050,전구역 동반가능,,,,,,,,
2926600,전구역 동반가능,,,,,,,,
2910238,전구역 동반가능,,,,,,,,
4008862,전구역 동반가능,,,,,,,,
3306076,전구역 동반가능,,,,,,,,
2903050,전구역 동반가능,,,,,,,,
2902471,전구역 동반가능,,,,,,,,
2910429,전구역 동반가능,,,,,,,,
4010529,전구역 동반가능,,,,,,,,
2906156,전구역 동반가능,,,,,,,,
4011880,전구역 동반가능,,,,,,,,
3305654,전구역 동반가능,,,,,,,,
2911170,전구역 동반가능,,,,,,,,
4012268,전구역 동반가능,,,,,,,,
4012596,전구역 동반가능,,,,,,,,
2910285,전구역 동반가능,,,,,,,,
2906139,전구역 동반가능,,,,,,,,
2926390,전구역 동반가능,,,,,,,,
3306159,전구역 동반가능,,,,,,,,
2757116,일부구역 동반가능,소형견 (5kg 이하) 1마리,목줄 착용,,"바비큐, 샤워장, 개수대, 탈의실",,,,"물놀이를 많이 하는 상류에서는 강아지 입수 금지(하류 이용) / 소형견(5kg이하) 1마리만 가능 (사이트 안에서 나오지 않게 관리 필수) / 캠핑장 내 이동 시에는 반드시 안고 이동하거나 리드줄을 짧게 하여 이동해야 합니다. / 배변 패드 필수, 야외 배변 처리 깔끔하게 부탁 드립니다. / 사람이 많지 않을 경우 민박마당, 놀이존 이용 가능
*반려견 동반 운영 정책은 현지 사정에 따라 변동 될 수 있습니다."
4011786,전구역 동반가능,,,,,,,,
129699,일부구역 동반가능,전 견종 동반 가능,목줄 착용,,,,,,"- 맹견의 경우, 입마개 착용 필수
- 배변봉투 지참 및 배변처리 필수"
3352037,전구역 동반가능,,,,,,,,
3533113,일부구역 동반가능,"8kg 미만의 중, 소형견",,"다른 손님이 있을 때는
마당에서 목줄 착용",,주인이 직접 준비,,,"(배변 패드, 물티슈)주인이 직접 준비
남아 매너 벨트 필수"
2822473,전구역 동반가능,전 견종 동반 가능,목줄 착용,,,,,,"- 맹견의 경우, 입마개 착용 필수
- 배변봉투 지참 및 배변처리 필수"
2931862,전구역 동반가능,,,,,,,,
4011929,전구역 동반가능,,,,,,,,
4011062,전구역 동반가능,,,,,,,,
3306383,전구역 동반가능,,,,,,,,
4011918,전구역 동반가능,,,,,,,,
2902001,전구역 동반가능,,,,,,,,
2924991,전구역 동반가능,,,,,,,,
4027118,전구역 동반가능,,,,,,,,
3536383,일부구역 동반가능,,,,,,,,
2795458,일부구역 동반가능,전 견종 동반 가능,목줄 착용,전 견종 동반 가능,,,,,"- 맹견의 경우, 입마개 착용 필수- 배변봉투 지참 및 배변처리 필수"
2795448,일부구역 동반가능,전 견종 동반 가능,목줄 착용,전 견종 동반 가능,,,,,"- 맹견의 경우, 입마개 착용 필수- 배변봉투 지참 및 배변처리 필수"
2734940,일부구역 동반가능,전 견종 동반 가능,목줄 착용,,반려견 놀이터,,,,"- 반려견 놀이터는 동물 등록이 완료돼 있어야 입장 가능 
- 맹견의 경우, 입마개 착용 필수
- 배변봉투 지참 및 배변처리 필수"
2734948,전구역 동반가능,맹견 제외 동물 등록 완료한 전 견종 동반 가능,목줄 착용,"훈련사 또는 직원 상시대기, 이용방법 및 규칙비치","펜스, 안전문, 식수대",,,,배변봉투 지참 및 배변처리 필수
1871383,전구역 동반가능,전 견종 동반 가능,목줄 착용,,,,,,"- 맹견의 경우, 입마개 착용 필수
- 배변봉투 지참 및 배변처리 필수"
3469412,일부구역 동반가능,,,,,,,,
129400,일부구역 동반가능,전 견종 동반 가능,목줄 착용,이용방법 및 규칙 비치,,,,,"- 맹견의 경우, 입마개 착용 필수
- 배변봉투 지참 및 배변처리 필수"
126894,전구역 동반가능,전 견종 동반 가능,목줄 착용,,,,,,"- 맹견의 경우, 입마개 착용 필수
- 배변봉투 지참 및 배변처리 필수"
4011243,전구역 동반가능,,,,,,,,
4012709,전구역 동반가능,,,,,,,,
529493,일부구역 동반가능,전 견종 동반 가능,목줄 착용,,,,,,"- 전시관 내부는 동반 불가
- 맹견의 경우, 입마개 착용 필수
- 배변봉투 지참 및 배변처리 필수"
231895,일부구역 동반가능,전 견종 동반 가능,목줄 착용,전 견종 동반 가능,,,,,"- 맹견의 경우, 입마개 착용 필수- 배변봉투 지참 및 배변처리 필수"
228863,전구역 동반가능,전 견종 동반 가능,목줄 착용,,,,,,"- 맹견의 경우, 입마개 착용 필수
- 배변봉투 지참 및 배변처리 필수"
4026669,전구역 동반가능,,,,,,,,
4012647,전구역 동반가능,,,,,,,,
4011270,전구역 동반가능,,,,,,,,
2907781,전구역 동반가능,,,,,,,,
4011085,전구역 동반가능,,,,,,,,
2910646,전구역 동반가능,,,,,,,,
4011021,전구역 동반가능,,,,,,,,
2895198,전구역 동반가능,,,,,,,,
4011551,전구역 동반가능,,,,,,,,
2905172,전구역 동반가능,,,,,,,,
3305367,전구역 동반가능,,,,,,,,
2924853,전구역 동반가능,,,,,,,,
3307050,전구역 동반가능,,,,,,,,
4027253,전구역 동반가능,,,,,,,,
2910209,전구역 동반가능,,,,,,,,
2929206,전구역 동반가능,,,,,,,,
2905367,전구역 동반가능,,,,,,,,
2916204,전구역 동반가능,,,,,,,,
3306331,전구역 동반가능,,,,,,,,
2906507,전구역 동반가능,,,,,,,,
2743322,전구역 동반가능,전 견종 동반 가능,목줄 착용,,,,,,"- 맹견의 경우, 입마개 착용 필수
- 배변봉투 지참 및 배변처리 필수"
3544739,일부구역 동반가능,,,,,,,,
126695,전구역 동반가능,전 견종 동반 가능,목줄 착용,,,,,,"- 반려견 동반 바다 입수 가능 
- 목줄 착용 후 해변가 산책 가능
- 맹견의 경우, 입마개 착용 필수
- 배변봉투 지참 및 배변처리 필수"
4012800,전구역 동반가능,,,,,,,,
1532338,전구역 동반가능,전 견종 동반 가능,목줄 착용,,,,,,"- 맹견의 경우, 입마개 착용 필수
- 배변봉투 지참 및 배변처리 필수"
3532895,전구역 동반가능,,,,,,,,
2749989,일부구역 동반가능,1인 당 반려견 최대 1마리 가능,목줄 착용,,"화장실, 개수대, 샤워실, 잔디밭, 매점, 놀이터","에어컨, 식기일체, 전기밥솥, 전자레인지, 가스레인지/인덕션",,,"반려견 동반 시 사전 문의 필수입니다. / 1인 당 최대 한 마리만 동반 가능합니다. / 반려견은 리드줄 착용 시 입장 가능합니다. / 예방접종이 완료 된 반려견만 입장 가능합니다. / 맹견은 입장 불가능합니다.
*반려견 동반 운영 정책은 현지 사정에 따라 변동 될 수 있습니다."
4027151,전구역 동반가능,,,,,,,,
4012373,전구역 동반가능,,,,,,,,
4026957,전구역 동반가능,,,,,,,,
4027062,전구역 동반가능,,,,,,,,
4011298,전구역 동반가능,,,,,,,,
2909284,전구역 동반가능,,,,,,,,
3305788,전구역 동반가능,,,,,,,,
4026723,전구역 동반가능,,,,,,,,
3305926,전구역 동반가능,,,,,,,,
2670558,전구역 동반가능,전 견종 동반 가능,목줄 착용,,,,,,"- 맹견의 경우, 입마개 착용 필수
- 배변봉투 지참 및 배변처리 필수"
2911611,전구역 동반가능,,,,,,,,
3101971,,불가,,,,,,,
3305974,전구역 동반가능,,,,,,,,
3331534,일부구역 동반가능,,,,,,,,
4013095,전구역 동반가능,,,,,,,,
4013039,전구역 동반가능,,,,,,,,
3305952,전구역 동반가능,,,,,,,,
3306042,전구역 동반가능,,,,,,,,
4011372,전구역 동반가능,,,,,,,,
2927202,전구역 동반가능,,,,,,,,
2930305,전구역 동반가능,,,,,,,,
2926741,전구역 동반가능,,,,,,,,
2894150,전구역 동반가능,,,,,,,,
2894099,전구역 동반가능,,,,,,,,
3306781,전구역 동반가능,,,,,,,,
2905360,전구역 동반가능,,,,,,,,
2894108,전구역 동반가능,,,,,,,,
4011949,전구역 동반가능,,,,,,,,
4010552,전구역 동반가능,,,,,,,,
4007996,전구역 동반가능,,,,,,,,
2894114,전구역 동반가능,,,,,,,,
4011904,전구역 동반가능,,,,,,,,
2924671,전구역 동반가능,,,,,,,,
4027296,전구역 동반가능,,,,,,,,
4027363,전구역 동반가능,,,,,,,,
2901503,전구역 동반가능,,,,,,,,
2908698,전구역 동반가능,,,,,,,,
4027317,전구역 동반가능,,,,,,,,
2905827,전구역 동반가능,,,,,,,,
2909302,전구역 동반가능,,,,,,,,
4011253,전구역 동반가능,,,,,,,,
4026580,전구역 동반가능,,,,,,,,
2914165,전구역 동반가능,,,,,,,,
2930973,전구역 동반가능,,,,,,,,
2922536,전구역 동반가능,,,,,,,,
4011370,전구역 동반가능,,,,,,,,
2912290,전구역 동반가능,,,,,,,,
2912516,전구역 동반가능,,,,,,,,
2910381,전구역 동반가능,,,,,,,,
2930436,전구역 동반가능,,,,,,,,
2909240,전구역 동반가능,,,,,,,,
2907203,전구역 동반가능,,,,,,,,
2930446,전구역 동반가능,,,,,,,,
2928840,전구역 동반가능,,,,,,,,
4011694,전구역 동반가능,,,,,,,,
2912567,전구역 동반가능,,,,,,,,
4013165,전구역 동반가능,,,,,,,,
4008858,전구역 동반가능,,,,,,,,
2911846,전구역 동반가능,,,,,,,,
4010624,전구역 동반가능,,,,,,,,
2915377,전구역 동반가능,,,,,,,,
2906408,전구역 동반가능,,,,,,,,
4013188,전구역 동반가능,,,,,,,,
2902487,전구역 동반가능,,,,,,,,
2930306,전구역 동반가능,,,,,,,,
4011874,전구역 동반가능,,,,,,,,
2927204,전구역 동반가능,,,,,,,,
2924058,전구역 동반가능,,,,,,,,
4012546,전구역 동반가능,,,,,,,,
2931350,전구역 동반가능,,,,,,,,
2914845,전구역 동반가능,,,,,,,,
4012892,전구역 동반가능,,,,,,,,
2905453,전구역 동반가능,,,,,,,,
2930798,전구역 동반가능,,,,,,,,
4010311,전구역 동반가능,,,,,,,,
2911813,전구역 동반가능,,,,,,,,
2916068,전구역 동반가능,,,,,,,,
4012572,전구역 동반가능,,,,,,,,
2918734,전구역 동반가능,,,,,,,,
2928518,전구역 동반가능,,,,,,,,
4008188,전구역 동반가능,,,,,,,,
4011443,전구역 동반가능,,,,,,,,
2914151,전구역 동반가능,,,,,,,,
3307169,전구역 동반가능,,,,,,,,
2918512,전구역 동반가능,,,,,,,,
2930809,전구역 동반가능,,,,,,,,
2900108,전구역 동반가능,,,,,,,,
4012891,전구역 동반가능,,,,,,,,
2911396,전구역 동반가능,,,,,,,,
4026583,전구역 동반가능,,,,,,,,
2931382,전구역 동반가능,,,,,,,,
2928147,전구역 동반가능,,,,,,,,
2910951,전구역 동반가능,,,,,,,,
4026976,전구역 동반가능,,,,,,,,
2909037,전구역 동반가능,,,,,,,,
2906141,전구역 동반가능,,,,,,,,
4012644,전구역 동반가능,,,,,,,,
4027391,전구역 동반가능,,,,,,,,
4009581,전구역 동반가능,,,,,,,,
4026792,전구역 동반가능,,,,,,,,
2925614,전구역 동반가능,,,,,,,,
2914012,전구역 동반가능,,,,,,,,
2906470,전구역 동반가능,,,,,,,,
4007967,전구역 동반가능,,,,,,,,
2908821,전구역 동반가능,,,,,,,,
3306686,전구역 동반가능,,,,,,,,
4012451,전구역 동반가능,,,,,,,,
4011395,전구역 동반가능,,,,,,,,
2916118,전구역 동반가능,,,,,,,,
2929745,전구역 동반가능,,,,,,,,
4008273,전구역 동반가능,,,,,,,,
4011860,전구역 동반가능,,,,,,,,
2904989,전구역 동반가능,,,,,,,,
2904075,전구역 동반가능,,,,,,,,
2930937,전구역 동반가능,,,,,,,,
2902648,전구역 동반가능,,,,,,,,
4026731,전구역 동반가능,,,,,,,,
2910064,전구역 동반가능,,,,,,,,
4009588,전구역 동반가능,,,,,,,,
3306183,전구역 동반가능,,,,,,,,
2928122,전구역 동반가능,,,,,,,,
2914157,전구역 동반가능,,,,,,,,
2903230,전구역 동반가능,,,,,,,,
2928376,전구역 동반가능,,,,,,,,
3306280,전구역 동반가능,,,,,,,,
2905502,전구역 동반가능,,,,,,,,
4013247,전구역 동반가능,,,,,,,,
4012353,전구역 동반가능,,,,,,,,
2903004,전구역 동반가능,,,,,,,,
2903135,전구역 동반가능,,,,,,,,
2901193,전구역 동반가능,,,,,,,,
4026733,전구역 동반가능,,,,,,,,
3305936,전구역 동반가능,,,,,,,,
3306018,전구역 동반가능,,,,,,,,
4027127,전구역 동반가능,,,,,,,,
4027207,전구역 동반가능,,,,,,,,
128679,전구역 동반가능,전 견종 동반 가능,목줄 착용,전 견종 동반 가능,,,,,"- 맹견의 경우, 입마개 착용 필수- 배변봉투 지참 및 배변처리 필수"
3026443,일부구역 동반가능,전 견종 동반 가능,,,,,,,"- 맹견의 경우, 입마개 착용 필수
- 배변봉투 지참 및 배변처리 필수"
2661435,일부구역 동반가능,전 견종 동반 가능,목줄 착용,,,,,,"- 맹견의 경우, 입마개 착용 필수
- 배변봉투 지참 및 배변처리 필수"
126125,전구역 동반가능,전 견종 동반 가능,목줄 착용,,,,,,"- 맹견의 경우, 입마개 착용 필수
- 배변봉투 지참 및 배변처리 필수"
129501,전구역 동반가능,전 견종 동반 가능,목줄 착용,,,,,,"- 맹견의 경우, 입마개 착용 필수
- 배변봉투 지참 및 배변처리 필수"
4013249,전구역 동반가능,,,,,,,,
125702,일부구역 동반가능,전 견종 동반 가능,"입마개 착용,목줄 착용",전 견종 동반 가능,,,,,"- 해수욕장 개장 중 D구역에서만 동반 가능- 바다 입수 불가능- 배변봉투 지참 및 배변처리 필수- 맹견의 경우, 입마개 착용 필수"
2899905,전구역 동반가능,,,,,,,,
2914240,전구역 동반가능,,,,,,,,
2927213,전구역 동반가능,,,,,,,,
2894014,전구역 동반가능,,,,,,,,
2904658,전구역 동반가능,,,,,,,,
3536590,전구역 동반가능,,,,,,,,
2755474,전구역 동반가능,전 견종 동반 가능,목줄 착용,,,,,,"- 맹견의 경우, 입마개 착용 필수
- 배변봉투 지참 및 배변처리 필수"
2734828,일부구역 동반가능,소형견 (4kg 미만),목줄 착용,,"화장실, 개수대, 샤워실, 매점, 카페, 수영장, 트램펄린, 트레일러 / 카라반 진입",,,,"4kg 미만 소형견 동반 가능합니다. / 캠핑장 내에서는 반려견을 안고서 이동해주시기 바랍니다. / 사이트 내 리드줄과 배변 패드 필수입니다. / 반려견이 과하게 짖을 경우 별도 공간으로 격리 조치 됩니다. / 캠핑장 내 반려견은 산책 금지입니다. / 방갈로는 반려견 동반 불가합니다.
* 반려견 동반 운영 정책은 현지 사정에 따라 변동 될 수 있습니다."
4011782,전구역 동반가능,,,,,,,,
2929859,전구역 동반가능,,,,,,,,
4012755,전구역 동반가능,,,,,,,,
4012828,전구역 동반가능,,,,,,,,
128440,전구역 동반가능,전 견종 동반 가능,목줄 착용,,,,,,"- 맹견의 경우, 입마개 착용 필수
- 배변봉투 지참 및 배변처리 필수"
126747,일부구역 동반가능,전 견종 동반 가능,목줄 착용,,,,,,"- 가옥 안쪽은 동반 불가
- 맹견의 경우, 입마개 착용 필수
- 배변봉투 지참 및 배변처리 필수"
2783557,일부구역 동반가능,전 견종 동반 가능,목줄 착용,,,,,,"- 맹견의 경우, 입마개 착용 필수
- 배변봉투 지참 및 배변처리 필수"
3306605,전구역 동반가능,,,,,,,,
126738,전구역 동반가능,전 견종 동반 가능,목줄 착용,,,,,,"- 맹견의 경우, 입마개 착용 필수
- 배변봉투 지참 및 배변처리 필수"
128019,일부구역 동반가능,20㎏ 미만 동반 가능,"목줄 착용,반려동물 유모차 탑승,이동장(켄넬)사용",20㎏ 미만 동반 가능,투개더파크(반려견놀이터) / 반려견 동반 가능 객실 / 펫 프렌들리 레스토랑 및 카페 등,,,,투개더파크(반려견놀이터)는 15㎏ 미만 반려견에 한하여 입장 가능※ 무인·무료·자율 이용시설
4008101,전구역 동반가능,,,,,,,,
4008102,전구역 동반가능,,,,,,,,
129489,일부구역 동반가능,전 견종 동반 가능,목줄 착용,,,,,,"- 실내 시설은 동반 불가
- 맹견의 경우, 입마개 착용 필수
- 배변봉투 지참 및 배변처리 필수"
2742172,전구역 동반가능,맹견 제외 전 견종 동반 가능,목줄 착용,,,,,,배변봉투 지참 및 배변처리 필수
4013006,전구역 동반가능,,,,,,,,
2647847,일부구역 동반가능,전 견종 동반 가능,목줄 착용,,,,,,"- 매장별 정책이 상이하므로 개별 문의 필요
- 맹견의 경우, 입마개 착용 필수
- 배변봉투 지참 및 배변처리 필수"
3306622,전구역 동반가능,,,,,,,,
4011215,전구역 동반가능,,,,,,,,
2904771,전구역 동반가능,,,,,,,,
2923219,전구역 동반가능,,,,,,,,
4013186,전구역 동반가능,,,,,,,,
4012057,전구역 동반가능,,,,,,,,
4027019,전구역 동반가능,,,,,,,,
2928860,전구역 동반가능,,,,,,,,
3307586,전구역 동반가능,,,,,,,,
4008787,전구역 동반가능,,,,,,,,
4012890,전구역 동반가능,,,,,,,,
4009589,전구역 동반가능,,,,,,,,
2923398,전구역 동반가능,,,,,,,,
4011630,전구역 동반가능,,,,,,,,
2929487,전구역 동반가능,,,,,,,,
2923730,전구역 동반가능,,,,,,,,
2926692,전구역 동반가능,,,,,,,,
2923945,전구역 동반가능,,,,,,,,
4011750,전구역 동반가능,,,,,,,,
2906644,전구역 동반가능,,,,,,,,
2893644,전구역 동반가능,,,,,,,,
4008184,전구역 동반가능,,,,,,,,
2902941,전구역 동반가능,,,,,,,,
4027353,전구역 동반가능,,,,,,,,
2927067,전구역 동반가능,,,,,,,,
4012239,전구역 동반가능,,,,,,,,
2904218,전구역 동반가능,,,,,,,,
2924692,전구역 동반가능,,,,,,,,
2931803,전구역 동반가능,,,,,,,,
4013206,전구역 동반가능,,,,,,,,
4012029,전구역 동반가능,,,,,,,,
2611135,전구역 동반가능,전 견종 동반 가능,목줄 착용,,,,,,"- 맹견의 경우, 입마개 착용 필수
- 배변봉투 지참 및 배변처리 필수"
4011428,전구역 동반가능,,,,,,,,
4026714,전구역 동반가능,,,,,,,,
3307692,전구역 동반가능,,,,,,,,
2923834,전구역 동반가능,,,,,,,,
2929277,전구역 동반가능,,,,,,,,
2930407,전구역 동반가능,,,,,,,,
2923886,전구역 동반가능,,,,,,,,
2910905,전구역 동반가능,,,,,,,,
2910216,전구역 동반가능,,,,,,,,
4008008,전구역 동반가능,,,,,,,,
4013154,전구역 동반가능,,,,,,,,
2914977,전구역 동반가능,,,,,,,,
2905239,전구역 동반가능,,,,,,,,
2607214,일부구역 동반가능,전 견종 동반 가능,목줄 착용,,,,,,"- 맹견의 경우, 입마개 착용 필수
- 배변봉투 지참 및 배변처리 필수"
4026616,전구역 동반가능,,,,,,,,
4008039,전구역 동반가능,,,,,,,,
4012959,전구역 동반가능,,,,,,,,
2912373,전구역 동반가능,,,,,,,,
2918606,전구역 동반가능,,,,,,,,
2929053,전구역 동반가능,,,,,,,,
2907198,전구역 동반가능,,,,,,,,
4012684,전구역 동반가능,,,,,,,,
4012146,전구역 동반가능,,,,,,,,
4026787,전구역 동반가능,,,,,,,,
2924832,전구역 동반가능,,,,,,,,
2915668,전구역 동반가능,,,,,,,,
2918577,전구역 동반가능,,,,,,,,
4026918,전구역 동반가능,,,,,,,,
2910075,전구역 동반가능,,,,,,,,
2925329,전구역 동반가능,,,,,,,,
2924210,전구역 동반가능,,,,,,,,
3307291,전구역 동반가능,,,,,,,,
3305698,전구역 동반가능,,,,,,,,
4008784,전구역 동반가능,,,,,,,,
2905794,전구역 동반가능,,,,,,,,
4011480,전구역 동반가능,,,,,,,,
2922558,전구역 동반가능,,,,,,,,
4009555,전구역 동반가능,,,,,,,,
4027241,전구역 동반가능,,,,,,,,
2926817,전구역 동반가능,,,,,,,,
2923602,전구역 동반가능,,,,,,,,
2927074,전구역 동반가능,,,,,,,,
2907052,전구역 동반가능,,,,,,,,
2925134,전구역 동반가능,,,,,,,,
2924622,전구역 동반가능,,,,,,,,
2922974,전구역 동반가능,,,,,,,,
2911762,전구역 동반가능,,,,,,,,
4026885,전구역 동반가능,,,,,,,,
2907419,전구역 동반가능,,,,,,,,
2915715,전구역 동반가능,,,,,,,,
2925752,전구역 동반가능,,,,,,,,
2915352,전구역 동반가능,,,,,,,,
2901592,전구역 동반가능,,,,,,,,
3305304,전구역 동반가능,,,,,,,,
3018384,일부구역 동반가능,전 견종 동반 가능,목줄 착용,,,,,,"- 맹견의 경우, 입마개 착용 필수
- 배변봉투 지참 및 배변처리 필수"
2638475,전구역 동반가능,전 견종 동반 가능,목줄 착용,,,,,,"- 맹견의 경우, 입마개 착용 필수
- 배변봉투 지참 및 배변처리 필수"
4011394,전구역 동반가능,,,,,,,,
4025044,전구역 동반가능,,,,,,,,
4012359,전구역 동반가능,,,,,,,,
4012403,전구역 동반가능,,,,,,,,
4008186,전구역 동반가능,,,,,,,,
4009614,전구역 동반가능,,,,,,,,
2930330,전구역 동반가능,맹견 제외 전 견종 동반 가능,,cctv 제공,"하이드로바스, 드라이룸, 수영장, 정수기 등",,,,배변봉투 지참 및 배변처리 필수
2704456,일부구역 동반가능,전 견종 동반 가능,목줄 착용,훈련사 또는 직원 상시대기,,,,,"- 맹견의 경우, 입마개 착용 필수
- 배변봉투 지참 및 배변처리 필수"
4011303,전구역 동반가능,,,,,,,,
4026649,전구역 동반가능,,,,,,,,
4012157,전구역 동반가능,,,,,,,,
4026965,전구역 동반가능,,,,,,,,
4026613,전구역 동반가능,,,,,,,,
4026939,전구역 동반가능,,,,,,,,
2905445,전구역 동반가능,,,,,,,,
4027294,전구역 동반가능,,,,,,,,
4027160,전구역 동반가능,,,,,,,,
4027335,전구역 동반가능,,,,,,,,
4026936,전구역 동반가능,,,,,,,,
4011579,전구역 동반가능,,,,,,,,
3072191,,불가,,,,,,,
3306424,전구역 동반가능,,,,,,,,
2930079,전구역 동반가능,,,,,,,,
4012018,전구역 동반가능,,,,,,,,
4011262,전구역 동반가능,,,,,,,,
2910330,전구역 동반가능,,,,,,,,
4027331,전구역 동반가능,,,,,,,,
2929161,전구역 동반가능,,,,,,,,
4010304,전구역 동반가능,,,,,,,,
2931634,전구역 동반가능,,,,,,,,
2913971,전구역 동반가능,,,,,,,,
2925665,전구역 동반가능,,,,,,,,
2923870,전구역 동반가능,,,,,,,,
4012142,전구역 동반가능,,,,,,,,
2923136,전구역 동반가능,,,,,,,,
4010541,전구역 동반가능,,,,,,,,
4010582,전구역 동반가능,,,,,,,,
4012212,전구역 동반가능,,,,,,,,
2915789,전구역 동반가능,,,,,,,,
2916212,전구역 동반가능,,,,,,,,
2930926,전구역 동반가능,,,,,,,,
2904182,전구역 동반가능,,,,,,,,
2904870,전구역 동반가능,,,,,,,,
4011867,전구역 동반가능,,,,,,,,
4011903,전구역 동반가능,,,,,,,,
2931767,전구역 동반가능,,,,,,,,
4027277,전구역 동반가능,,,,,,,,
4011498,전구역 동반가능,,,,,,,,
2927270,전구역 동반가능,,,,,,,,
4011477,전구역 동반가능,,,,,,,,
4012043,전구역 동반가능,,,,,,,,
4011597,전구역 동반가능,,,,,,,,
2928949,전구역 동반가능,,,,,,,,
2910229,전구역 동반가능,,,,,,,,
3305388,전구역 동반가능,,,,,,,,
2923961,전구역 동반가능,,,,,,,,
2931117,전구역 동반가능,,,,,,,,
3306874,전구역 동반가능,,,,,,,,
4011700,전구역 동반가능,,,,,,,,
4009134,전구역 동반가능,,,,,,,,
2906140,전구역 동반가능,,,,,,,,
4026908,전구역 동반가능,,,,,,,,
4011841,전구역 동반가능,,,,,,,,
4012898,전구역 동반가능,,,,,,,,
2927033,전구역 동반가능,,,,,,,,
2931430,전구역 동반가능,,,,,,,,
4011757,전구역 동반가능,,,,,,,,
4012180,전구역 동반가능,,,,,,,,
4009406,전구역 동반가능,,,,,,,,
3307482,전구역 동반가능,,,,,,,,
2925639,전구역 동반가능,,,,,,,,
2900776,전구역 동반가능,,,,,,,,
4012819,전구역 동반가능,,,,,,,,
2930762,전구역 동반가능,,,,,,,,
2923773,전구역 동반가능,,,,,,,,
2930327,전구역 동반가능,,,,,,,,
4024894,전구역 동반가능,,,,,,,,
4012796,전구역 동반가능,,,,,,,,
3555703,전구역 동반가능,,,,,,,,
2929824,전구역 동반가능,,,,,,,,
2923989,전구역 동반가능,,,,,,,,
3306944,전구역 동반가능,,,,,,,,
2924900,전구역 동반가능,,,,,,,,
4008401,전구역 동반가능,,,,,,,,
2907671,전구역 동반가능,,,,,,,,
3306672,전구역 동반가능,,,,,,,,
3306389,전구역 동반가능,,,,,,,,
4011102,전구역 동반가능,,,,,,,,
1993734,전구역 동반가능,전 견종 동반 가능,목줄 착용,,,,,,"- 맹견의 경우, 입마개 착용 필수
- 배변봉투 지참 및 배변처리 필수"
4013181,전구역 동반가능,,,,,,,,
4012704,전구역 동반가능,,,,,,,,
4011553,전구역 동반가능,,,,,,,,
4027195,전구역 동반가능,,,,,,,,
4011464,전구역 동반가능,,,,,,,,
4009457,전구역 동반가능,,,,,,,,
2603720,일부구역 동반가능,모든 반려견 출입가능,"목줄 착용,매너벨트 착용",,,,"수제 간식, 매너벨트, 애견용품",,"- 안거나 리드줄 칙용
- 매너벨트 착용시 풀어놓아도 됨"
2575832,전구역 동반가능,소형견,목줄 착용,,,,,,
4008083,전구역 동반가능,,,,,,,,
4012765,전구역 동반가능,,,,,,,,
4013118,전구역 동반가능,,,,,,,,
4013119,전구역 동반가능,,,,,,,,
2923247,전구역 동반가능,,,,,,,,
3306990,전구역 동반가능,,,,,,,,
4011362,전구역 동반가능,,,,,,,,
2930321,전구역 동반가능,,,,,,,,
2930291,전구역 동반가능,,,,,,,,
2907797,전구역 동반가능,,,,,,,,
2911540,전구역 동반가능,,,,,,,,
4009562,전구역 동반가능,,,,,,,,
2923104,전구역 동반가능,,,,,,,,
