CareRegNo,CareNm,OrgNm,DivisionNm,SaveTrgtAnimal,CareTel,DataStdDt,DsignationDate,CareAddr,JibunAddr,lat,lon,WeekOprStime,WeekOprEtime,WeekCellStime,WeekCellEtime,WeekendOprStime,WeekendOprEtime,WeekendCellStime,WeekendCellEtime,CloseDay,VetPersonCnt,SpecsPersonCnt,MedicalCnt,BreedCnt,QuarantineCnt,FeedCnt,TransCarCnt,Sido,Sigungu,region_key,coord_status
327346201500001,(사)대구수의사회,대구광역시 수성구,법인,개+고양이+기타,053-764-3708,2025-01-03,2017-01-01,대구광역시 북구 호국로 229 (서변동) 6층, 6층,35.922276,128.59904,00:00,24:00,,,,,,,0,0,0,,,,,,대구광역시,북구,대구광역시_북구,ok
348535202400001,(사)동물보호관리협회,경상남도 김해시,법인,개+고양이+기타,051-971-6208,2026-01-02,2025-01-01,부산광역시 강서구 가락대로1283번길 25-2 (봉림동) , ,35.178925,128.89975,09:00,17:00,13:00,15:00,,,,,토요일+일요일,1,6,1.0,1.0,1.0,1.0,3.0,부산광역시,강서구,부산광역시_강서구,ok
326338201300001,(사)동부동물보호협회,부산광역시 수영구,법인,개+고양이+기타,051-701-7599,2026-01-20,2025-11-14,부산광역시 해운대구 송정2로13번길 46 (송정동) , ,35.194817,129.20631,09:00,18:00,14:00,16:00,10:00,14:00,10:00,13:00,일요일,2,5,3.0,15.0,3.0,1.0,3.0,부산광역시,해운대구,부산광역시_해운대구,ok
326331201100001,(사)동부동물보호협회,부산광역시 남구,법인,개+고양이+기타,051-701-7599,2024-11-27,2024-01-01,부산광역시 해운대구 송정2로13번길 46 (송정동) ,부산광역시 해운대구 송정동 85-1 ,35.181606,129.19846,09:00,18:00,14:00,16:00,10:00,14:00,10:00,13:00,일요일,2,5,3.0,15.0,3.0,1.0,3.0,부산광역시,해운대구,부산광역시_해운대구,ok
326330202400001,(사)동부동물보호협회,부산광역시 동래구,법인,개+고양이+기타,051-701-7599,2025-01-20,2025-01-01,부산광역시 해운대구 송정2로13번길 46 (송정동) ,부산광역시 해운대구 송정동 85-1 ,35.194817,129.20631,09:00,18:00,,,,,,,토요일+일요일,2,4,,,,,,부산광역시,해운대구,부산광역시_해운대구,ok
347502201600001,(사)영일동물플러스,경상북도 포항시,단체,개+고양이+야생동물,054-262-8295,2025-07-01,2019-07-01,경상북도 포항시 북구 흥해읍 덕장길 224 (흥해읍) , ,36.145683,129.33263,09:00,18:00,,,,,,,0,2,5,1.0,6.0,1.0,1.0,1.0,경상북도,포항시,경상북도_포항시,ok
327348201700003,119동물병원,대구광역시 달성군,동물병원,개+고양이,053-585-1195,2025-01-31,2017-02-01,"대구광역시 달성군 다사읍 달구벌대로 893 (다사읍, 대실요양병원 장례식장) 다사읍 관할", 다사읍 관할,35.857166,128.46654,09:30,18:30,09:30,18:30,09:30,16:00,09:30,16:00,일요일,1,1,1.0,1.0,1.0,1.0,1.0,대구광역시,달성군,대구광역시_달성군,ok
311303202500006,24시센트럴동물메디컬,서울특별시 성동구,동물병원,개+고양이,02-3395-7975,,2025-03-05,서울특별시 성동구 고산자로 207 (행당동) ,서울특별시 성동구 행당동 318-36 무학빌딩 ,37.55869,127.03371,00:00,24:00,,,,,,,0,13,15,,,,,,서울특별시,성동구,서울특별시_성동구,ok
341386200900001,24시아이동물메디컬,경기도 부천시,동물병원,개+고양이+등,032-677-5262,2025-01-10,2021-01-01,경기도 부천시 오정구 소사로 779 (원종동) 201호,경기도 부천시 원종동 229-8 뉴월드프라자 201호,37.52566,126.804565,00:00,24:00,,,,,,,0,7,5,,,,,,경기도,부천시,경기도_부천시,ok
347522202600002,25세 동물병원,경상북도 칠곡군,동물병원,고양이,054-974-0975,,2021-05-18,경상북도 칠곡군 왜관읍 석전로7길 1  ,경상북도 칠곡군 왜관읍 석전리 536-8 ,36.00085,128.40858,09:00,18:00,,,,,,,토요일+일요일,1,1,,,,,,경상북도,칠곡군,경상북도_칠곡군,ok
350652202600002,AVC반려동물메디컬,제주특별자치도 서귀포시,동물병원,개+고양이,064-732-4788,,2026-01-01,제주특별자치도 서귀포시 하효로 58 (하효동) ,제주특별자치도 서귀포시 하효동 28-3 ,33.266632,126.61955,00:00,24:00,,,,,,,일요일,1,1,2.0,6.0,1.0,1.0,,제주특별자치도,서귀포시,제주특별자치도_서귀포시,ok
311324201600004,GD동물병원,서울특별시 강동구,동물병원,개+고양이,02-429-8822,2025-12-31,2023-01-01,서울특별시 강동구 상일로 13 (상일동) 1~2층 GD동물병원,서울특별시 강동구 상일동 341-2 1~2층 GD동물병원,37.548244,127.17312,10:00,19:00,,,10:00,17:00,,,일요일+공휴일,1,1,1.0,1.0,1.0,1.0,,서울특별시,강동구,서울특별시_강동구,ok
341386201800001,가나동물병원,경기도 부천시,동물병원,개+고양이+등,032-665-0075,2025-01-09,2021-01-01,경기도 부천시 소사구 경인로 72 (송내동) , ,37.48355,126.76318,10:00,19:00,,,,,,,일요일,1,1,,,,,,경기도,부천시,경기도_부천시,ok
343557202300001,가정견훈련소,충청북도 증평군,개인,개+고양이,,2025-12-31,2024-12-09,충청북도 증평군 도안면 입장길 239  ,충청북도 증평군 도안면 송정리 12-3 ,36.846962,127.60822,09:00,18:00,09:00,18:00,,,,,토요일+일요일,1,1,,,,,,충청북도,증평군,충청북도_증평군,ok
328356201000001,가정동물병원,인천광역시 서구,동물병원,개+고양이+기타반려동물,032-575-0833,2025-02-11,2019-01-01,인천광역시 서구 가정로 346 (가정동) ,인천광역시 서구 가정동 517-32 ,37.51567,126.67304,10:30,20:00,,,,,,,2,2,4,,,,,1.0,인천광역시,서구,인천광역시_서구,ok
341416200900001,가평군유기동물보호소,경기도 가평군,법인,개+고양이+기타,031-580-4794,2025-01-21,2014-01-01,"경기도 가평군 가평읍 아랫마장길 59 (가평읍, 농업기술센터) 가평 유기동물 보호소(10:00~18:00)", 가평 유기동물 보호소(10:00~18:00),37.845997,127.4987,09:00,18:00,,,,,,,토요일+일요일,1,4,1.0,1.0,1.0,1.0,2.0,경기도,가평군,경기도_가평군,ok
331370201800001,강남동물병원,울산광역시 남구,동물병원,개+고양이,052-271-0075,2026-01-12,2020-01-09,울산광역시 남구 돋질로 232 (달동) 1층, 1층,35.542603,129.33047,10:00,17:00,,,,,,,토요일+일요일,2,1,,,,,,울산광역시,남구,울산광역시_남구,ok
311324201600001,강동구청 반려동물팀 ,서울특별시 강동구,법인,개+고양이,02-3425-6015,2025-12-31,2019-12-01,"서울특별시 강동구 성내로 25 (성내동, 강동구청) 강동구청 ", 강동구청 ,37.523876,127.13028,09:00,18:00,,,,,,,토요일+일요일+공휴일,0,0,,,,,,서울특별시,강동구,서울특별시_강동구,ok
311324201700002,강동리본센터(reborn),서울특별시 강동구,법인,개+고양이,070-4163-7350,2025-09-26,2017-11-24,서울특별시 강동구 양재대로81길 73 (성내동) ,서울특별시 강동구 성내동 448-15 ,37.523876,127.13028,10:00,19:00,,,10:00,18:00,,,0,0,4,,,,,,서울특별시,강동구,서울특별시_강동구,ok
342420201500001,강릉시 동물사랑센터,강원특별자치도 강릉시,단체,개,033-641-7515,2025-01-14,2006-01-01,강원도 강릉시 성산면 내맬길 172  ,강원도 강릉시 성산면 산북리 1193 ,37.698875,128.82927,09:00,18:00,:,:,:,:,:,:,토요일+일요일,1,3,1.0,15.0,1.0,1.0,2.0,,강릉시,_강릉시,ok
346492201300001,강진군 유기견 보호소,전라남도 강진군,법인,개,061-430-3237,2024-12-17,2015-08-21,"전라남도 강진군 강진읍 초지길 109-62 (강진읍, 강진군상하수도사업소) ",전라남도 강진군 강진읍 목리 495 ,34.624813,126.7774,09:00,18:00,09:00,18:00,,,,,토요일+일요일+공휴일,1,1,0.0,7.0,1.0,,1.0,전라남도,강진군,전라남도_강진군,ok
328357202400001,강화군 동물보호센터,인천광역시 강화군,동물병원,개+고양이+기타,,2026-01-05,2025-01-01,인천광역시 강화군 강화읍 강화대로 254-1  ,인천광역시 강화군 강화읍 갑곳리 364 ,37.741173,126.50122,10:00,19:00,,,,,,,일요일,2,3,,,,,,인천광역시,강화군,인천광역시_강화군,ok
348537200900002,거제시동물보호센터,경상남도 거제시,법인,개+고양이,055-639-6368,2025-09-29,2009-08-24,경상남도 거제시 사등면 두동로1길 107  거제시동물보호센터,경상남도 거제시 사등면 사곡리 375-6 반려동물지원센터 거제시동물보호센터,34.883755,128.57368,09:00,18:00,13:00,16:00,09:00,18:00,13:00,15:00,0,0,5,,,,,1.0,경상남도,거제시,경상남도_거제시,ok
348547202500001,거창군 동물보호소,경상남도 거창군,단체,개+고양이+기타,,2026-01-20,2025-12-22,경상남도 거창군 거창읍 가실길 203  ,경상남도 거창군 거창읍 가지리 1280 ,0.0,0.0,00:00,24:00,,,,,,,토요일+일요일,0,3,1.0,1.0,1.0,1.0,,경상남도,거창군,경상남도_거창군,ok
328350202100001,경동동물병원,인천광역시 동구,동물병원,개+고양이,032-765-9988,2024-12-31,2021-02-26,인천광역시 중구 개항로 68 (경동) 경동동물병원,인천광역시 중구 경동 240-60 경동동물병원,37.471954,126.629944,09:00,18:00,,,,,,,0,1,0,,,,,1.0,인천광역시,중구,인천광역시_중구,ok
328351200900001,경동동물병원,인천광역시 미추홀구,동물병원,개+고양이+기타,032-765-9988,2025-12-31,2007-12-19,인천광역시 중구 개항로 68 (경동) ,인천광역시 중구 경동 240-60 ,37.47196,126.629944,09:00,18:00,,,,,,,0,1,3,1.0,1.0,1.0,1.0,2.0,인천광역시,중구,인천광역시_중구,ok
328358202500001,경동동물병원,인천광역시 옹진군,동물병원,개+고양이,032-765-9988,2025-12-15,2025-04-01,인천광역시 중구 개항로 68 (경동) ,인천광역시 중구 경동 240-60 ,37.47237,126.629486,09:00,18:00,,,,,,,일요일,1,2,,,,,,인천광역시,중구,인천광역시_중구,ok
328352202500002,경동동물병원,인천광역시 연수구,동물병원,개+고양이+기타축종,032-765-9988,2025-12-31,2025-03-21,인천광역시 중구 개항로 68 (경동) 경동동물병원,인천광역시 중구 경동 240-60 경동동물병원,37.47196,126.629944,09:00,18:00,,,,,,,0,1,3,1.0,1.0,1.0,1.0,1.0,인천광역시,중구,인천광역시_중구,ok
328349201000001,경동동물병원,인천광역시 중구,동물병원,개+고양이+기타,032-765-9988,2024-12-31,2022-12-30,인천광역시 중구 개항로 68 (경동) , ,37.471954,126.629944,09:00,18:00,10:00,17:00,09:00,18:00,,,일요일,1,1,1.0,2.0,1.0,1.0,2.0,인천광역시,중구,인천광역시_중구,ok
347513201800003,경산시유기동물보호소,경상북도 경산시,동물병원,개+고양이,,2025-12-31,2022-01-01,경상북도 경산시 용성면 사양지길 95 (용성면) ,경상북도 경산시 용성면 부제리 737-3 ,35.778397,128.88507,00:00,24:00,,,,,,,일요일,1,3,1.0,5.0,2.0,1.0,1.0,경상북도,경산시,경상북도_경산시,ok
347505201700001,경주동물사랑보호센터,경상북도 경주시,법인,개+고양이+기타,,2025-09-26,2017-01-02,경상북도 경주시 천북면 천북로 8-4  경주시 동물사랑보호센터,경상북도 경주시 천북면 신당리 915-21 경주시 동물보호센터 경주시 동물사랑보호센터,35.892956,129.23842,09:00,18:00,00:00,00:00,,,,,0,1,4,3.0,1.0,1.0,1.0,,경상북도,경주시,경상북도_경주시,ok
347520202000001,고령군 유기견 보호소,경상북도 고령군,개인,개+고양이,,2025-12-31,2025-01-01,경상북도 고령군 운수면 하법길 37 (운수면) ,경상북도 고령군 운수면 법리 345 ,35.771927,128.30037,10:00,18:00,,,,,,,토요일+일요일,1,2,,,,,,경상북도,고령군,경상북도_고령군,ok
348542202000002,고성군 동물가족센터,경상남도 고성군,법인,개+고양이,055-670-4346,2025-12-31,2020-09-07,경상남도 고성군 고성읍 동해로 123  고성군 동물가족센터,경상남도 고성군 고성읍 송학리 1-4 고성군 동물가족센터,34.996822,128.32538,09:00,18:00,09:00,18:00,09:00,18:00,09:00,18:00,0,1,0,,,,,1.0,경상남도,고성군,경상남도_고성군,ok
342434202500001,고성군 동물보호센터,강원특별자치도 고성군,법인,개,033-680-3722,2026-01-02,2025-12-29,강원특별자치도 고성군 간성읍 진부령로 2768-10  ,강원특별자치도 고성군 간성읍 교동리 976-15 ,38.38195,128.43439,09:00,18:00,,,09:00,18:00,,,토요일+일요일,1,3,1.0,9.0,1.0,1.0,1.0,강원특별자치도,고성군,강원특별자치도_고성군,ok
341394201400001,고양시동물보호센터,경기도 고양시,법인,개+고양이+기타축종,031-962-3232,2024-12-26,2014-02-19,"경기도 고양시 덕양구 고양대로 1695 (원흥동, 고양시 농업기술센터) 고양시동물보호센터", 고양시동물보호센터,37.649643,126.87027,09:00,22:00,,,09:00,18:00,,,0,2,6,,,,,,경기도,고양시,경기도_고양시,ok
348533202300001,고양이보호분양센터,경상남도 통영시,법인,고양이,055-650-6250,2024-12-17,2023-07-03,경상남도 통영시 한산면 호두1길 351  공공형 고양이 보호분양센터,경상남도 통영시 한산면 용호리 459-1 한산초등학교용초분교장 공공형 고양이 보호분양센터,34.749905,128.49411,09:00,18:00,,,,,,,월요일,0,0,,,,,,경상남도,통영시,경상남도_통영시,ok
346488201700001,고흥군임시보호센터,전라남도 고흥군,개인,개,,2026-02-27,2017-06-14,"전라남도 고흥군 포두면 우주로 607 (포두면, 소매점) ",전라남도 고흥군 포두면 상대리 86-1 ,34.570545,127.34101,09:00,18:00,,,,,,,토요일+일요일+공휴일,1,1,,,,,,전라남도,고흥군,전라남도_고흥군,ok
346486201600001,곡성군동물보호소,전라남도 곡성군,법인,개+고양이,061-360-8392,2025-10-01,2020-01-01,전라남도 곡성군 곡성읍 군청로 50  보호소 주소 : 전남 곡성군 곡성읍 구원리 888,전라남도 곡성군 곡성읍 읍내리 713-2 곡성군청 보호소 주소 : 전남 곡성군 곡성읍 구원리 888,35.28203,127.29196,09:00,18:00,09:00,18:00,,,,,토요일+일요일,0,1,,,,,1.0,전라남도,곡성군,전라남도_곡성군,ok
344450202200001,공주시 동물보호센터,충청남도 공주시,법인,개+고양이+기타,041-840-3495,2025-03-30,2022-07-01,충청남도 공주시 우성면 내산목천길 52-15  ,충청남도 공주시 우성면 도천리 1-2 농업기술센터 ,36.492302,127.100105,09:00,18:00,10:00,17:00,,,,,토요일+일요일+공휴일,0,2,,,,,,충청남도,공주시,충청남도_공주시,ok
341390202100002,광명반함센터,경기도 광명시,법인,개,02-2680-5001,2025-07-29,2021-09-15,경기도 광명시 오리로854번길 10 (철산동) 지하1층,경기도 광명시 철산동 419 지하1층,37.47437,126.86847,10:00,19:00,,,,,,,월요일,0,1,,,,,,경기도,광명시,경기도_광명시,ok
346484201900001,광양시 임시보호소,전라남도 광양시,법인,개+고양이+기타,061-797-3386,2025-12-31,2019-10-14,전라남도 광양시 봉강면 인덕로 1169-20 (봉강면) 지곡리 864-24, 지곡리 864-24,34.987904,127.57652,09:00,18:00,10:00,17:00,,,,,토요일+일요일,1,1,1.0,1.0,1.0,1.0,1.0,전라남도,광양시,전라남도_광양시,ok
341554201300008,광주TNR동물병원송정,경기도 광주시,동물병원,개+고양이+반려동물,031-798-7583,2025-03-04,2022-03-01,경기도 광주시 경안천로 142 (송정동) 광주TNR동물병원,경기도 광주시 송정동 6-16 광주TNR동물병원,37.417343,127.275024,10:00,19:00,,,10:00,14:00,,,토요일+일요일,1,3,,,,,1.0,경기도,광주시,경기도_광주시,ok
341554201900001,광주TNR동물병원초월,경기도 광주시,동물병원,개+고양이+반려동물,031-798-7581,2025-03-04,2022-03-01,경기도 광주시 초월읍 현산로385번길 74-12 (초월읍) ,경기도 광주시 초월읍 지월리 713-2 ,37.415894,127.27616,10:00,19:00,,,,,,,토요일+일요일,1,3,,,,,1.0,경기도,광주시,경기도_광주시,ok
329362201300001,광주동물보호센터,광주광역시 북구,법인,개+고양이,062-613-6770,2025-01-09,2025-01-01,광주광역시 북구 본촌마을길 25-1 (본촌동) 광주동물보호센터,광주광역시 북구 본촌동 379-2 광주환경보건연구원 광주동물보호센터,35.222713,126.88215,09:00,18:00,13:30,16:30,09:00,18:00,13:30,16:30,월요일,1,9,,,,,1.0,광주광역시,북구,광주광역시_북구,ok
329363201300001,광주동물보호센터,광주광역시 광산구,법인,개+고양이,062-613-6770,2025-01-09,2025-01-01,광주광역시 북구 본촌마을길 25-1 (본촌동) 광주동물보호센터,광주광역시 북구 본촌동 379-2 광주환경보건연구원 광주동물보호센터,35.222713,126.88215,09:00,18:00,,,,,,,월요일,1,9,,,,,,광주광역시,북구,광주광역시_북구,ok
329360201300001,광주동물보호센터,광주광역시 서구,법인,개+고양이,062-613-6770,2025-01-08,2025-01-01,광주광역시 북구 본촌마을길 25-1 (본촌동) 광주동물보호센터,광주광역시 북구 본촌동 379-2 광주환경보건연구원 광주동물보호센터,35.222713,126.88215,09:00,18:00,,,,,,,월요일,1,9,,,,,,광주광역시,북구,광주광역시_북구,ok
329359201300001,광주동물보호센터,광주광역시 동구,법인,개+고양이,062-613-6770,2025-01-08,2025-01-01,광주광역시 북구 본촌마을길 25-1 (본촌동) 광주동물보호센터,광주광역시 북구 본촌동 379-2 광주환경보건연구원 광주동물보호센터,35.222713,126.88215,09:00,18:00,,,,,,,월요일,1,9,,,,,,광주광역시,북구,광주광역시_북구,ok
329629202500001,광주동물보호센터,광주광역시,법인,개+고양이,062-613-6770,2025-01-02,2025-01-01,광주광역시 북구 본촌마을길 25-1 (본촌동) 광주동물보호센터,광주광역시 북구 본촌동 379-2 광주환경보건연구원 광주동물보호센터,35.222713,126.88215,09:00,18:00,,,,,,,월요일,1,9,,,,,,광주광역시,북구,광주광역시_북구,ok
329361201300001,광주동물보호센터,광주광역시 남구,법인,개+고양이,062-613-6770,2025-01-09,2025-01-01,광주광역시 북구 본촌마을길 25-1 (본촌동) 광주동물보호센터,광주광역시 북구 본촌동 379-2 광주환경보건연구원 광주동물보호센터,35.222713,126.88215,09:00,18:00,,,,,,,월요일,1,9,,,,,,광주광역시,북구,광주광역시_북구,ok
343446201800002,괴산증평동물보호센터,충청북도 괴산군,개인,개,,2026-01-07,2018-08-06,충청북도 증평군 도안면 입장길 239 (도안면) , ,36.846966,127.60824,09:00,18:00,09:00,18:00,09:00,18:00,09:00,18:00,0,1,2,1.0,,1.0,1.0,1.0,충청북도,증평군,충청북도_증평군,ok
346487201800001,구례군동물보호센터,전라남도 구례군,법인,개,061-781-2022,2024-11-27,2021-04-13,전라남도 구례군 용방면 용방로 64-11  ,전라남도 구례군 용방면 사림리 794-6 ,35.222416,127.45878,09:00,18:00,10:00,17:00,,,,,토요일+일요일+공휴일,0,2,1.0,1.0,1.0,1.0,1.0,전라남도,구례군,전라남도_구례군,ok
311316202500001,구로댕냥이네,서울특별시 구로구,법인,고양이,02-2636-7649,,2025-09-18,서울특별시 구로구 경인로 472 (구로동) 구로댕냥이네,서울특별시 구로구 구로동 631-23 서울반려동물교육센터 구로댕냥이네,37.505543,126.88562,09:00,18:00,,,,,,,월요일,0,1,,,,,,서울특별시,구로구,서울특별시_구로구,ok
341398202300001,구리시 반려돌봄센터,경기도 구리시,법인,개+고양이,031-566-0059,2025-07-29,2023-12-21,경기도 구리시 동구릉로136번길 57 (인창동) 2층,경기도 구리시 인창동 430 구리유통종합상가 2층,37.61347,127.14054,10:00,19:00,,,,,,,월요일,0,0,,,,,,경기도,구리시,경기도_구리시,ok
347508202000001,구미시 동물보호센터,경상북도 구미시,법인,개+고양이,054-471-5718,2025-02-03,2024-12-05,경상북도 구미시 옥성면 선상동로 1358  애니멀 케어 센터,경상북도 구미시 옥성면 구봉리 31-1 애니멀 케어 센터,36.3401,128.27876,09:00,18:00,09:00,18:00,09:00,18:00,09:00,18:00,일요일,1,3,1.0,2.0,1.0,1.0,,경상북도,구미시,경상북도_구미시,ok
345467201000001,군산유기동물보호센터,전북특별자치도 군산시,법인,개+고양이+기타,063-451-2975,2026-03-05,2018-02-01,전북특별자치도 군산시 대야면 보덕안정길 124  ,전북특별자치도 군산시 대야면 보덕리 829 ,35.960815,126.81631,09:00,18:00,09:00,18:00,09:00,18:00,09:00,18:00,공휴일,1,10,1.0,10.0,2.0,1.0,2.0,전북특별자치도,군산시,전북특별자치도_군산시,ok
327514202400001,군위종합동물병원,대구광역시 군위군,동물병원,개+고양이,,2026-01-21,2026-01-01,대구광역시 군위군 군위읍 군청로 49-18  1층,대구광역시 군위군 군위읍 서부리 151-126 1층,36.230713,128.56616,10:00,18:00,,,,,,,토요일+일요일,1,1,,,,,,대구광역시,군위군,대구광역시_군위군,ok
327346201800002,금강동물병원,대구광역시 수성구,동물병원,개+고양이+기타,053-746-7111,2025-01-03,2018-01-30,대구광역시 수성구 동원로 150 (만촌동) 금강동물병원, 금강동물병원,35.87167,128.63585,09:30,18:30,,,,,,,일요일,1,1,,,,,,대구광역시,수성구,대구광역시_수성구,ok
328353202600003,길동물병원,인천광역시 남동구,동물병원,개+고양이+기타,032-467-1275,2026-01-05,2026-01-01,인천광역시 남동구 구월로 317 (만수동) ,인천광역시 남동구 만수동 889-15 용정빌딩 ,37.4557,126.72592,10:00,18:00,10:00,18:00,10:00,14:00,,,일요일,1,2,1.0,16.0,3.0,1.0,,인천광역시,남동구,인천광역시_남동구,ok
347506201300001,김천시 동물보호센터,경상북도 김천시,법인,개+고양이+기타,054-421-2547,2024-05-02,2024-03-01,경상북도 김천시 구성면 남김천대로 3296-22  하강리 44(김천시 유기동물보호센터),경상북도 김천시 구성면 하강리 56 농업기술센타 하강리 44(김천시 유기동물보호센터),36.080418,128.10065,09:00,18:00,09:00,18:00,10:00,14:00,10:00,14:00,토요일+일요일,1,4,1.0,1.0,1.0,1.0,1.0,경상북도,김천시,경상북도_김천시,ok
346483202100001,나주유기동물보호센터,전라남도 나주시,개인,개+고양이,,2026-01-05,2021-06-14,전라남도 나주시 산포면 내기3길 71-43 [*미고시] ,전라남도 나주시 산포면 내기리 616 ,35.048203,126.78124,08:00,18:00,08:00,18:00,09:00,12:00,09:00,12:00,일요일,0,3,1.0,,1.0,1.0,2.0,전라남도,나주시,전라남도_나주시,ok
344457202000001,남부여동물보호소,충청남도 부여군,동물병원,개+고양이,041-837-8277,2025-12-31,2020-01-01,충청남도 부여군 임천면 위덕로47번길 36-12  (점리),충청남도 부여군 임천면 점리 922 (점리),36.21589,126.89092,09:00,18:00,09:00,18:00,00:00,00:00,00:00,00:00,토요일+일요일,2,2,1.0,28.0,20.0,1.0,1.0,충청남도,부여군,충청남도_부여군,ok
311302201000020,남산동물병원,서울특별시 용산구,동물병원,개+고양이,02-778-7582,2024-11-29,2021-01-01,서울특별시 용산구 후암로 51 (후암동) 1층,서울특별시 용산구 후암동 63-1 1층,37.550404,126.97707,10:00,19:00,,,,,,,토요일+일요일,1,0,,,,,,서울특별시,용산구,서울특별시_용산구,ok
341399202200002,남양주시동물보호센터,경기도 남양주시,법인,개+고양이+기타,031-590-2785,2026-01-06,2022-12-16,경기도 남양주시 경강로163번길 32-27 (이패동) ,경기도 남양주시 이패동 484 ,37.608788,127.191536,09:00,18:00,,,,,,,일요일,1,5,,,,,,경기도,남양주시,경기도_남양주시,ok
348543201300001,남해군동물보호센터,경상남도 남해군,법인,개+고양이+기타,055-860-3973,2025-10-30,2024-07-16,경상남도 남해군 이동면 남해대로 2449  동물보호센터,경상남도 남해군 이동면 다정리 971 남해군농업기술센터 동물보호센터,34.80354,127.95367,09:00,18:00,09:00,18:00,00:00,00:00,00:00,00:00,토요일+일요일+공휴일,1,3,1.0,1.0,1.0,1.0,1.0,경상남도,남해군,경상남도_남해군,ok
311312202400001,내품애센터,서울특별시 서대문구,법인,개+고양이,02-330-3821,2025-04-23,2024-04-17,서울특별시 서대문구 모래내로 333 (홍은동) ,서울특별시 서대문구 홍은동 273-6 서대문등기소 ,37.58041,126.9338,09:00,21:00,,,09:00,20:00,,,0,0,6,,,,,,서울특별시,서대문구,서울특별시_서대문구,ok
311310202000004,노원반려동물문화센터,서울특별시 노원구,법인,개,02-933-8500,2023-12-01,2020-10-28,"서울특별시 노원구 수락산로 258 (상계동, 호성빌딩) 1층",서울특별시 노원구 상계동 1075-1 1층,37.671352,127.04998,10:00,19:00,,,,,,,월요일,0,2,,,,,,서울특별시,노원구,서울특별시_노원구,ok
344454202000006,논산시 동물보호센터,충청남도 논산시,법인,개+고양이,041-746-8470,2025-09-29,2022-02-14,충청남도 논산시 계백로665번길 100 (등화동) 논산시 동물보호센터,충청남도 논산시 등화동 534-1 논산시 동물보호센터,36.185688,127.05853,09:00,17:00,10:00,16:00,,,,,토요일+일요일+공휴일,1,5,1.0,5.0,2.0,1.0,1.0,충청남도,논산시,충청남도_논산시,ok
328353202600005,논현동물병원,인천광역시 남동구,동물병원,고양이,032-426-0975,,2026-01-01,인천광역시 남동구 소래역남로16번길 75 (논현동) ,인천광역시 남동구 논현동 751-1 에코메트로3차 더타워상가 ,37.39983,126.73302,10:00,18:00,10:00,18:00,10:00,14:00,,,일요일,1,1,1.0,3.0,1.0,1.0,,인천광역시,남동구,인천광역시_남동구,ok
328354201700002,늘푸른동물병원,인천광역시 부평구,동물병원,개+고양이+기타동물,032-507-0075,2026-02-03,2026-02-03,인천광역시 부평구 후정동로 60 (삼산동) ,인천광역시 부평구 삼산동 54-2 ,37.52271,126.73839,10:30,19:00,,,,,,,토요일+공휴일,1,1,,,,,,인천광역시,부평구,인천광역시_부평구,ok
342429201300002,다나동물병원,강원특별자치도 정선군,동물병원,개+고양이,033-563-6563,2024-12-03,2012-04-02,강원도 정선군 정선읍 비봉로 46  ,강원도 정선군 정선읍 봉양리 321-3 ,37.381096,128.66315,09:00,19:00,,,,,,,일요일,1,10,,,,,,,정선군,_정선군,ok
347522202600001,다솜동물병원,경상북도 칠곡군,동물병원,고양이,054-977-8575,2026-02-10,2004-06-17,경상북도 칠곡군 왜관읍 중앙로 136  ,경상북도 칠곡군 왜관읍 왜관리 298-1 ,35.993202,128.39883,09:00,18:00,,,,,,,토요일+일요일,1,0,,,,,,경상북도,칠곡군,경상북도_칠곡군,ok
343448200900001,단양군동물보호센터,충청북도 단양군,법인,개+고양이+기타,043-421-2742,2025-12-31,2025-01-01,충청북도 단양군 매포읍 단양산업단지1로 201  828번지,충청북도 단양군 매포읍 우덕리 828 단양군 동물보호센터 828번지,37.01298,128.31375,09:00,18:00,,,,,,,토요일+일요일,0,1,,,,,,충청북도,단양군,충청북도_단양군,ok
346485201800001,담양군 동물보호센터,전라남도 담양군,개인,개,061-380-2734,2026-01-02,2020-03-05,전라남도 담양군 용면 시암골로 280-57 (용면) :용면 두장리 21번지, :용면 두장리 21번지,35.358566,127.00157,09:00,18:00,13:00,17:00,,,,,토요일+일요일,1,1,0.0,3.0,1.0,1.0,1.0,전라남도,담양군,전라남도_담양군,ok
344568201700001,당진시동물보호소,충청남도 당진시,법인,개+고양이,041-356-8210,2026-01-20,2017-01-01,충청남도 당진시 고대면 삼포길 180  ,충청남도 당진시 고대면 옥현리 421-1 ,36.93405,126.59625,09:00,18:00,13:00,18:00,09:00,18:00,13:00,18:00,토요일+일요일,1,3,1.0,5.0,2.0,2.0,1.0,충청남도,당진시,충청남도_당진시,ok
327348201300001,대구수의사회(달성군),대구광역시 달성군,법인,개+고양이+기타,053-764-3708,2025-01-31,2013-02-01,대구광역시 북구 호국로 229 (서변동) , ,35.922276,128.59904,09:00,18:00,,,,,,,토요일+일요일,0,0,,,,,,대구광역시,북구,대구광역시_북구,ok
327343201500004,대구수의사회(아이펫),대구광역시 서구,법인,개+고양이,053-573-1175,2024-12-31,2018-12-27,대구광역시 서구 서대구로 64 (평리동) , ,35.863823,128.55655,09:00,19:00,,,,,,,일요일+공휴일,1,1,,,,,,대구광역시,서구,대구광역시_서구,ok
327343201900001,대구시수의사회(더펫),대구광역시 서구,법인,개+고양이,053-352-0622,2024-12-31,2018-12-27,대구광역시 서구 서대구로 361 (비산동) 2층, 2층,35.889072,128.56073,09:00,19:00,,,,,,,일요일+공휴일,1,1,,,,,,대구광역시,서구,대구광역시_서구,ok
327341201200004,대구시수의사회(동산),대구광역시 중구,법인,개+고양이+기타,053-254-3366,2025-01-03,2020-12-28,대구광역시 중구 남성로 서성로 34 (남성로) , ,35.867535,128.59044,10:00,19:00,,,,,,,일요일,1,0,1.0,1.0,1.0,1.0,1.0,대구광역시,중구,대구광역시_중구,ok
327341201200001,대구시수의사회(동인),대구광역시 중구,법인,개+고양이+기타,070-4466-1575,2025-01-14,2018-12-26,대구광역시 중구 동인동4가 국채보상로 724 , ,35.868385,128.60968,00:00,24:00,,,,,,,0,3,2,,,,,,대구광역시,중구,대구광역시_중구,ok
327343201500003,대구시수의사회(보경),대구광역시 서구,법인,개+고양이,053-559-9020,2024-12-31,2018-06-27,대구광역시 서구 달서로 165 (비산동) , ,35.87703,128.571,09:00,19:00,,,,,,,일요일+공휴일,1,1,,,,,,대구광역시,서구,대구광역시_서구,ok
327341201200002,대구시수의사회(삼덕),대구광역시 중구,법인,개+고양이+기타,053-426-1731,2025-01-03,2020-12-28,대구광역시 중구 삼덕동1가 달구벌대로 2145 , ,35.864857,128.59839,10:00,19:00,,,,,,,일요일,1,0,,,,,,대구광역시,중구,대구광역시_중구,ok
327343201500001,대구시수의사회(삼성),대구광역시 서구,법인,개+고양이,053-556-8575,2024-12-31,2018-12-27,대구광역시 서구 서대구로 24 (내당동) , ,35.859802,128.5572,09:00,19:00,,,,,,,일요일+공휴일,1,1,,,,,,대구광역시,서구,대구광역시_서구,ok
327343201500005,대구시수의사회(평리),대구광역시 서구,법인,개+고양이,053-552-0075,2024-12-31,2018-12-27,대구광역시 서구 서대구로 189 (평리동) 2층,대구광역시 서구 평리동 1492-30 2층,35.874947,128.55463,09:00,19:00,,,,,,,일요일+공휴일,1,1,,,,,,대구광역시,서구,대구광역시_서구,ok
327342201400001,대구유기동물보호센터,대구광역시 동구,법인,개+고양이+기타,053-964-6258,2024-12-27,2019-01-01,대구광역시 동구 금강로 151-13 (금강동) , ,35.863876,128.73596,00:00,24:00,,,,,,,0,1,1,,,,,,대구광역시,동구,대구광역시_동구,ok
327347201400001,대구유기동물보호협회,대구광역시 달서구,법인,개+고양이+기타,053-964-6258,2025-01-10,2019-01-01,대구광역시 동구 금강로 151-13 (금강동) , ,35.863876,128.73596,09:00,18:00,09:00,18:00,09:00,18:00,,,일요일+공휴일,1,3,,,,,,대구광역시,동구,대구광역시_동구,ok
327344201600001,대구유기동물보호협회,대구광역시 남구,법인,개+고양이+기타,053-964-6258,2024-12-31,2017-01-01,대구광역시 동구 금강로 151-13 (금강동) ,대구광역시 동구 금강동 1017 ,35.86364,128.73563,09:00,18:00,:,:,:,:,:,:,일요일+공휴일,1,2,,,,,1.0,대구광역시,동구,대구광역시_동구,ok
327345201400001,대구유기동물보호협회,대구광역시 북구,법인,개+고양이+기타,053-964-6258,2025-01-06,2015-01-01,대구광역시 동구 금강로 151-13 (금강동) , ,35.863876,128.73596,09:00,18:00,,,,,,,토요일+일요일+공휴일,1,3,,,,,2.0,대구광역시,동구,대구광역시_동구,ok
330368202000001,대전동물보호센터,대전광역시 대덕구,법인,개+고양이+기타,042-270-7239,2025-01-20,2011-01-01,대전광역시 유성구 금남구즉로 1234 (금고동) 대전광역시 동물보호센터,대전광역시 유성구 금고동 583 대전광역시 동물보호센터,36.458782,127.38283,10:00,18:00,13:00,16:00,10:00,18:00,13:00,16:00,0,2,9,1.0,8.0,3.0,1.0,,대전광역시,유성구,대전광역시_유성구,ok
330367200900001,대전동물보호센터,대전광역시 유성구,법인,개+고양이+기타,042-270-7239,2024-06-19,2011-01-01,대전광역시 유성구 금남구즉로 1234 (금고동) 대전광역시 동물보호센터,대전광역시 유성구 금고동 583 대전광역시 동물보호센터,36.458782,127.38283,10:00,18:00,13:00,16:00,10:00,18:00,13:00,16:00,0,2,9,1.0,8.0,3.0,1.0,,대전광역시,유성구,대전광역시_유성구,ok
330366202000001,대전동물보호센터,대전광역시 서구,법인,개+고양이+기타,042-270-7239,2024-06-19,2011-01-01,대전광역시 유성구 금남구즉로 1234 (금고동) 대전광역시 동물보호센터,대전광역시 유성구 금고동 583 대전광역시 동물보호센터,36.458782,127.38283,10:00,18:00,13:00,16:00,10:00,18:00,13:00,16:00,0,2,9,1.0,8.0,3.0,1.0,,대전광역시,유성구,대전광역시_유성구,ok
330365202000001,대전동물보호센터,대전광역시 중구,법인,개+고양이+기타,042-270-7239,2024-06-19,2011-01-01,대전광역시 유성구 금남구즉로 1234 (금고동) 대전광역시 동물보호센터,대전광역시 유성구 금고동 583 대전광역시 동물보호센터,36.458782,127.38283,10:00,18:00,13:00,16:00,10:00,18:00,13:00,16:00,0,2,9,1.0,8.0,3.0,1.0,,대전광역시,유성구,대전광역시_유성구,ok
330364202000001,대전동물보호센터,대전광역시 동구,법인,개+고양이+기타,042-270-7239,2024-06-19,2011-01-01,대전광역시 유성구 금남구즉로 1234 (금고동) 대전광역시 동물보호센터,대전광역시 유성구 금고동 583 대전광역시 동물보호센터,36.458782,127.38283,10:00,18:00,13:00,16:00,10:00,18:00,13:00,16:00,0,2,9,1.0,8.0,3.0,1.0,,대전광역시,유성구,대전광역시_유성구,ok
346482201400002,대한동물사랑협회,전라남도 순천시,단체,개+고양이,061-751-7565,2025-10-14,2024-01-01,전라남도 순천시 상사면 민속마을길 978 (상사면) .,전라남도 순천시 상사면 쌍지리 396-2 .,34.92693,127.409966,09:00,18:00,09:00,18:00,09:00,18:00,13:00,19:00,월요일,0,2,0.0,25.0,8.0,2.0,1.0,전라남도,순천시,전라남도_순천시,ok
345478202200001,더나은동물병원,전북특별자치도 고창군,동물병원,개+고양이,063-560-2629,2025-12-31,2022-01-27,전라북도 고창군 무장면 신촌농장길 98  ,전라북도 고창군 무장면 신촌리 562-2 ,35.402176,126.55647,09:00,18:00,,,,,,,토요일+일요일,1,1,,,,,,전라북도,고창군,전라북도_고창군,ok
345464202500001,데이지동물병원,전북특별자치도 전주시,동물병원,개+고양이+기타,063-225-7588,2026-01-13,2025-01-01,전북특별자치도 전주시 완산구 용리로 47 (효자동1가) 번지,전북특별자치도 전주시 완산구 효자동1가 669-6 번지,35.80771,127.11643,10:00,19:00,00:00,00:00,00:00,,00:00,,일요일,2,2,,,,,,전북특별자치도,전주시,전북특별자치도_전주시,ok
311305202100001,동대문구청,서울특별시 동대문구,법인,고양이+개,02-2127-4268,2026-02-20,2010-12-30,서울특별시 동대문구 천호대로 145 (용두동) ,서울특별시 동대문구 용두동 39-9 동대문구청 ,37.578915,127.0697,09:00,18:00,,,,,,,일요일,1,1,,,,,,서울특별시,동대문구,서울특별시_동대문구,ok
311314202600001,동물구조관리협회,서울특별시 양천구,법인,개+고양이+기타,031-867-9119,2026-01-02,2026-01-01,경기도 양주시 남면 감악산로 63-37  (사)한국동물구조관리협회,경기도 양주시 남면 상수리 410-1 (사)한국동물구조관리협회,37.87144,126.98339,09:00,17:00,,,,,,,공휴일+일요일,1,8,,,,,,경기도,양주시,경기도_양주시,ok
326329202600001,동물보호관리협회,부산광역시 부산진구,법인,개+고양이+기타,051-971-6208,2026-03-03,2026-01-08,부산광역시 강서구 가락대로1283번길 25-2 (봉림동) ,부산광역시 강서구 봉림동 147-28 ,35.178925,128.89975,00:00,24:00,,,,,,,일요일,0,3,,,,,,부산광역시,강서구,부산광역시_강서구,ok
345464201100004,동부동물병원,전북특별자치도 전주시,동물병원,개+고양이+기타,063-231-2455,2026-01-13,2023-01-01,전라북도 전주시 완산구 경원동1가 3-10, 3-10,35.817005,127.14808,09:30,19:00,,,,,,,일요일+공휴일,1,2,,,,,1.0,전라북도,전주시,전라북도_전주시,ok
326335201700001,동부동물보호협회,부산광역시 금정구,동물병원,개+고양이+기타,051-701-7599,2025-12-31,2024-01-01,부산광역시 해운대구 송정2로13번길 46 (송정동) , ,35.19481,129.20631,00:00,24:00,,,,,,,0,2,0,3.0,9.0,1.0,1.0,3.0,부산광역시,해운대구,부산광역시_해운대구,ok
346483202600004,동산동물병원,전라남도 나주시,동물병원,고양이,061-335-9909,2026-03-09,2026-01-01,전라남도 나주시 상야4길 21 (빛가람동) 존프라자 117호,전라남도 나주시 빛가람동 205-1 존프라자 117호,35.022038,126.7921,09:30,18:30,,,,,,,일요일,1,1,,,,,,전라남도,나주시,전라남도_나주시,ok
327348201700001,동인동물병원,대구광역시 달성군,동물병원,개+고양이+기타,053-424-4258,2025-01-31,2017-02-01,대구광역시 중구 동인동4가 국채보상로 724 (동인동4가) 가창면 관할, 가창면 관할,35.868385,128.60968,09:30,19:00,09:30,19:00,09:30,18:00,09:30,18:00,일요일,2,2,3.0,3.0,1.0,1.0,1.0,대구광역시,중구,대구광역시_중구,ok
342421201000001,동해시동물보호센터,강원특별자치도 동해시,법인,개+고양이,033-539-8145,2026-01-12,2011-01-03,"강원도 동해시 대동로 159-13 (송정동, 동해시유기동물보호소) ",강원도 동해시 송정동 1708 ,37.485115,129.11897,09:00,17:00,09:20,16:40,,,,,연중무휴,0,3,,2.0,1.0,1.0,1.0,,동해시,_동해시,ok
327348202300001,동행동물병원,대구광역시 달성군,동물병원,개+고양이,053-636-8720,2025-01-31,2023-02-01,"대구광역시 달서구 진천로 117 (대천동) 117,118 호","대구광역시 달서구 대천동 511-3 월배이타운 117,118 호",35.818893,128.52124,10:00,22:00,,,,,,,일요일,1,1,1.0,1.0,1.0,1.0,1.0,대구광역시,달서구,대구광역시_달서구,ok
329359201700003,두손너에게,광주광역시 동구,개인,개+고양이+닭,,2025-04-07,2025-01-01,광주광역시 북구 지야길 2 (지야동) ,광주광역시 북구 지야동 182-11 ,35.229958,126.88529,00:00,24:00,,,,,,,토요일+일요일,0,4,,,,,,광주광역시,북구,광주광역시_북구,ok
311324201600002,둔촌동물병원,서울특별시 강동구,동물병원,개+고양이,02-474-5100,2025-12-31,2023-01-01,서울특별시 강동구 양재대로 1385 (성내동) 둔촌동물병원,서울특별시 강동구 성내동 415-1 둔촌동물병원,37.52993,127.13662,09:00,19:00,,,10:00,18:00,,,일요일,2,2,2.0,10.0,3.0,1.0,1.0,서울특별시,강동구,서울특별시_강동구,ok
311320202400001,디아크 동물종합병원,서울특별시 관악구,동물병원,개+고양이+기타,02-816-7582,2025-01-17,2024-12-12,서울특별시 동작구 장승배기로27길 18 (노량진동) 1층,서울특별시 동작구 노량진동 246-1 1층,37.511715,126.939026,09:00,18:00,,,,,,,토요일+일요일+공휴일,1,1,,,,,,서울특별시,동작구,서울특별시_동작구,ok
311319201200001,디아크동물종합병원,서울특별시 동작구,동물병원,개+고양이+기타,02-816-7582,2024-11-28,2021-01-01,서울특별시 동작구 장승배기로27길 18 (노량진동) , ,37.511715,126.939026,10:00,19:00,10:00,19:00,10:00,18:00,10:00,18:00,일요일+공휴일,1,1,1.0,2.0,1.0,1.0,1.0,서울특별시,동작구,서울특별시_동작구,ok
331370201600002,리틀쥬동물의료원,울산광역시 남구,동물병원,개+고양이,052-268-8884,2026-01-12,2020-01-09,울산광역시 남구 봉월로 104 (신정동) , ,35.541733,129.3063,10:00,17:00,,,,,,,토요일+일요일,2,3,,,,,,울산광역시,남구,울산광역시_남구,ok
345464201700001,링크늘푸른동물병원,전북특별자치도 전주시,동물병원,개+고양이+기타,063-281-0075,2026-01-13,2023-01-01,전라북도 전주시 완산구 서원로 225 (중화산동2가) ,전라북도 전주시 완산구 중화산동2가 528-5 ,35.81275,127.11926,09:30,23:00,,,,,,,일요일+공휴일,3,4,,,,,1.0,전라북도,전주시,전라북도_전주시,ok
348528201000001,마산유기동물보호소,경상남도 창원시 마산합포회원구,법인,개,055-225-5701,2024-10-17,2024-10-16,경상남도 창원시 성산구 공단로474번길 117 (상복동) 동물보호센터,경상남도 창원시 성산구 상복동 564-1 펫빌리지 동물보호센터,35.119423,128.46826,08:00,17:00,15:00,16:00,07:00,16:00,14:00,15:00,0,0,4,,,,,1.0,경상남도,창원시,경상남도_창원시,ok
311313202000003,마포구청,서울특별시 마포구,법인,개+고양이+토끼+기니피그+페럿+햄스터,02-3153-8542,2022-12-29,2020-01-01,"서울특별시 마포구 월드컵로 212 (성산동, 마포구청) 8층 경제진흥과",서울특별시 마포구 성산동 369-1 8층 경제진흥과,37.566326,126.90149,00:00,24:00,09:00,18:00,,,,,일요일,0,1,,,,,,서울특별시,마포구,서울특별시_마포구,ok
311313202600002,망원동물종합병원,서울특별시 마포구,동물병원,개+고양이,02-332-0175,2026-01-08,2026-01-01,서울특별시 마포구 월드컵로 65 (망원동) 1층,서울특별시 마포구 망원동 386-2 망원 양경회관 1층,37.554897,126.910835,10:00,19:00,,,,,,,수요일+일요일,1,0,,,,,,서울특별시,마포구,서울특별시_마포구,ok
311313202000002,망원동물종합병원,서울특별시 마포구,동물병원,개+고양이,02-332-0175,2026-01-08,2026-01-01,서울특별시 마포구 월드컵로 65 (망원동) 1층,서울특별시 마포구 망원동 386-2 망원 양경회관 1층,37.554897,126.910835,10:00,19:00,,,,,,,수요일+일요일,1,0,,,,,,서울특별시,마포구,서울특별시_마포구,ok
311313202600001,망원동물종합병원,서울특별시 마포구,동물병원,개+고양이,02-332-0175,2026-01-08,2026-01-01,서울특별시 마포구 월드컵로 65 (망원동) 1층,서울특별시 마포구 망원동 386-2 망원 양경회관 1층,37.554897,126.910835,10:00,19:00,,,,,,,수요일+일요일,1,0,,,,,,서울특별시,마포구,서울특별시_마포구,ok
327346202300001,멘토동물병원,대구광역시 수성구,동물병원,개+고양이,,2025-06-05,2023-03-01,대구광역시 수성구 용학로 294 (범물동) 2층,대구광역시 수성구 범물동 1271-2 2층,35.821556,128.64058,09:00,18:00,,,,,,,일요일,1,1,,,,,,대구광역시,수성구,대구광역시_수성구,ok
346480201000001,목포시유기동물보호소,전라남도 목포시,개인,개+고양이+기타,,2025-09-05,2017-06-26,전라남도 무안군 삼향읍 석매길 36  ,전라남도 무안군 삼향읍 왕산리 197 ,34.853508,126.43002,00:00,24:00,09:00,18:00,09:00,24:00,00:00,00:00,0,0,3,0.0,3.0,1.0,1.0,2.0,전라남도,무안군,전라남도_무안군,ok
346495202100001,무안군유기동물보호소,전라남도 무안군,법인,개+고양이+기타,061-450-4495,2026-01-08,2023-01-01,전라남도 무안군 무안읍 면주길 99  ,전라남도 무안군 무안읍 용월리 775-1 ,35.017838,126.47833,09:00,18:00,13:00,17:00,09:00,18:00,13:00,17:00,연중무휴,2,5,1.0,80.0,1.0,1.0,1.0,전라남도,무안군,전라남도_무안군,ok
345474200900001,무주군,전북특별자치도 무주군,법인,개,063-320-2819,2025-01-20,2009-01-01,전북특별자치도 무주군 적상면 구억로 110-27  ,전북특별자치도 무주군 적상면 사천리 862 ,35.951366,127.65804,09:00,18:00,,,,,,,토요일+일요일,1,1,,6.0,6.0,3.0,1.0,전북특별자치도,무주군,전북특별자치도_무주군,ok
348536201800001,밀양시 동물보호센터,경상남도 밀양시,법인,개+고양이,070-4113-7288,2025-09-26,2024-05-13,경상남도 밀양시 삼랑진읍 천태로 472 (삼랑진읍) , ,35.407684,128.87978,09:00,17:00,09:00,17:00,09:00,17:00,09:00,17:00,일요일,1,5,0.0,4.0,1.0,1.0,0.0,경상남도,밀양시,경상남도_밀양시,ok
345464201100001,박영재동물병원,전북특별자치도 전주시,동물병원,개+고양이+기타,063-284-7774,2026-01-13,2023-01-01,전라북도 전주시 완산구 전주천서로 111 (서서학동) , ,35.810097,127.14921,09:30,19:30,,,,,,,일요일+공휴일,3,8,,,,,0.0,전라북도,전주시,전라북도_전주시,ok
311313201000006,박창석동물병원,서울특별시 마포구,동물병원,개+고양이+토끼+페럿+햄스터+기니피그,02-6405-7582,2026-01-08,2020-01-01,서울특별시 마포구 도화길 42 (도화동) ,서울특별시 마포구 도화동 182-6 ,37.54151,126.95035,09:00,19:00,10:00,18:00,09:00,16:00,10:00,15:00,일요일+공휴일,1,0,1.0,1.0,1.0,1.0,,서울특별시,마포구,서울특별시_마포구,ok
343571201600001,반려동물보호센터,충청북도 청주시,법인,개+고양이+기타,043-201-2298,2025-09-05,2019-07-01,충청북도 청주시 흥덕구 강내면 서부로 411-23  청주시 반려동물 보호센터,충청북도 청주시 흥덕구 강내면 태성리 477 청주시 반려동물 보호센터,36.590233,127.36544,09:00,18:00,13:00,16:00,09:00,18:00,13:00,16:00,일요일,2,8,1.0,14.0,1.0,1.0,1.0,충청북도,청주시,충청북도_청주시,ok
346481200900001,반려동물보호센터,전라남도 여수시,법인,개+다친고양이,061-659-2474,2025-12-31,2013-11-01,전라남도 여수시 여수산단로 292-62 (평여동) 반려동물보호센터,전라남도 여수시 평여동 578 반려동물보호센터 반려동물보호센터,34.787575,127.66304,09:00,17:00,09:00,17:00,,,,,토요일+일요일+공휴일,0,2,,,,,1.0,전라남도,여수시,전라남도_여수시,ok
328357200900001,베스트동물병원,인천광역시 강화군,동물병원,개+고양이+염소+기타축종,032-934-9340,2026-01-05,2026-01-01,"인천광역시 강화군 강화읍 강화대로 217 (강화읍, 린나이보일러) ", ,37.73969,126.50546,10:00,20:00,,,,,,,일요일,1,1,1.0,1.0,1.0,1.0,,인천광역시,강화군,인천광역시_강화군,ok
328353202600002,보람동물병원,인천광역시 남동구,동물병원,개+고양이+기타,032-429-1673,2026-01-22,2026-01-01,인천광역시 남동구 문화서로3번길 7 (구월동) ,인천광역시 남동구 구월동 1394-9 ,37.44597,126.694855,10:00,18:00,10:00,18:00,10:00,14:00,,,일요일,1,1,1.0,5.0,1.0,1.0,,인천광역시,남동구,인천광역시_남동구,ok
344451202200002,보령길고양이보호협회,충청남도 보령시,단체,고양이,,2026-01-06,2022-02-08,충청남도 보령시 남대천로 91 (대천동) 상가동 201호,충청남도 보령시 대천동 288-36 상가동 201호,36.345833,126.5914,09:00,18:00,,,,,,,1,0,2,,,,,,충청남도,보령시,충청남도_보령시,ok
344451201300001,보령시유기동물보호소,충청남도 보령시,개인,개+고양이+기타,,2026-01-08,2012-01-01,충청남도 보령시 대천방조제로 322 (대천동) 보령시시설관리공단 내 좌측 생태공원2,충청남도 보령시 대천동 1387 보령시시설관리공단 내 좌측 생태공원2,36.332573,126.58826,09:00,18:00,09:00,18:00,09:00,18:00,09:00,18:00,일요일,0,1,0.0,4.0,1.0,1.0,1.0,충청남도,보령시,충청남도_보령시,ok
346489202000001,보성유기동물보호센터,전라남도 보성군,법인,개,061-853-5405,2024-01-23,2020-09-01,전라남도 보성군 노동면 노동천동길 221  ,전라남도 보성군 노동면 신천리 71-4 ,34.82986,127.06673,09:00,18:00,,,,,,,일요일,1,2,1.0,6.0,1.0,1.0,,전라남도,보성군,전라남도_보성군,ok
347524201400001,봉화군유기동물보호소,경상북도 봉화군,법인,개,054-679-6868,2025-10-01,2017-01-01,경상북도 봉화군 봉성면 농업인길 24 (봉성면) 봉화군농업기술센터, 봉화군농업기술센터,36.90376,128.77213,09:00,18:00,09:00,18:00,,,,,토요일+일요일+공휴일,1,1,,6.0,,1.0,1.0,경상북도,봉화군,경상북도_봉화군,ok
326336202500001,부산동물보호센터,부산광역시 강서구,단체,개+고양이+기타,051-832-7119,2025-12-31,2025-12-31,부산광역시 강서구 맥도강변길 752-15 (대저2동) ,부산광역시 강서구 대저2동 4708-5 ,35.150818,128.93903,13:00,16:00,,,,,,,토요일+일요일,1,1,,,,,,부산광역시,강서구,부산광역시_강서구,ok
326339202600001,부산동물보호센터,부산광역시 사상구,법인,개+고양이+기타,051-832-7119,2026-01-03,2026-01-01,부산광역시 강서구 맥도강변길 752-15 (대저2동) ,부산광역시 강서구 대저2동 4708-5 ,35.151443,128.93962,00:00,24:00,,,,,,,0,1,2,,,,,,부산광역시,강서구,부산광역시_강서구,ok
326328202400002,부산동물보호센터,부산광역시 영도구,단체,개+고양이+기타,051-832-7119,2026-01-20,2026-01-01,부산광역시 강서구 맥도강변길 752-15 (대저2동) ,부산광역시 강서구 대저2동 4708-5 ,35.151443,128.93964,09:00,16:00,13:00,16:00,09:00,13:00,,,일요일,1,1,1.0,8.0,2.0,2.0,3.0,부산광역시,강서구,부산광역시_강서구,ok
326334202600001,부산동물보호센터,부산광역시 사하구,법인,개+고양이+기타,051-832-7119,2026-02-24,2025-12-31,부산광역시 강서구 맥도강변길 752-15 (대저2동) ,부산광역시 강서구 대저2동 4708-5 ,35.1775,128.91702,00:00,24:00,,,,,,,일요일,1,2,,,,,,부산광역시,강서구,부산광역시_강서구,ok
326326201000001,부산동물보호센터,부산광역시 서구,단체,개+고양이+기타,051-832-7119,2026-02-04,2018-01-01,부산광역시 강서구 맥도강변길 752-15 (대저2동) , ,35.151443,128.93964,09:00,18:00,13:00,16:00,09:00,14:00,10:00,13:00,0,1,2,1.0,7.0,2.0,1.0,2.0,부산광역시,강서구,부산광역시_강서구,ok
326332201000001,부산동물보호센터,부산광역시 북구,법인,개+새끼고양이+다친고양이+기타,051-832-7119,2024-12-31,2019-01-01,부산광역시 강서구 맥도강변길 752-15 (대저2동) ,부산광역시 강서구 대저2동 4708-5 ,35.151443,128.93962,09:00,18:00,13:00,16:00,09:00,14:00,10:00,14:00,0,1,2,1.0,7.0,2.0,1.0,2.0,부산광역시,강서구,부산광역시_강서구,ok
326325201300001,부산동물보호센터,부산광역시 중구,단체,개+고양이+기타,051-832-7119,2025-02-27,2023-01-01,부산광역시 강서구 맥도강변길 752-15 (대저2동) ,부산광역시 강서구 대저2동 4708-5 ,35.151443,128.93964,09:00,18:00,13:00,16:00,09:30,13:00,10:00,13:00,0,1,2,1.0,7.0,2.0,1.0,2.0,부산광역시,강서구,부산광역시_강서구,ok
345479202100001,부안군 동물보호센터,전북특별자치도 부안군,단체,개+고양이,063-580-4445,2025-09-25,2021-11-16,전북특별자치도 부안군 주산면 주산로 369  부안군 동물보호센터,전북특별자치도 부안군 주산면 덕림리 250-1 부안군 동물보호센터,35.665768,126.735825,09:00,18:00,,,,,,,일요일,3,0,,,,,,전북특별자치도,부안군,전북특별자치도_부안군,ok
341386201500001,부천시수의사회,경기도 부천시,단체,개,032-323-4999,2025-10-24,2021-01-01,"경기도 부천시 원미구 중동로 244 (중동, 상록센트럴타워) 109호 110호 정샘동물병원(중동)",경기도 부천시 원미구 중동 1152 상록센트럴타워 109호 110호 정샘동물병원(중동),37.488747,126.76579,10:00,18:00,,,,,,,0,1,1,,,,,,경기도,부천시,경기도_부천시,ok
326340201100001,사단법인 동부,부산광역시 기장군,법인,개+고양이+기타,051-701-7599,2026-02-23,2018-01-01,부산광역시 해운대구 송정2로13번길 46 (송정동) , ,35.19481,129.20631,09:00,18:00,14:00,16:00,10:00,14:00,10:00,13:00,일요일,2,5,3.0,15.0,3.0,1.0,3.0,부산광역시,해운대구,부산광역시_해운대구,ok
331372202500002,사단법인 포유,울산광역시 북구,법인,개+고양이,,,2025-10-21,울산광역시 중구 젊음의거리 31 (성남동) 2~3층,울산광역시 중구 성남동 219-112 2~3층,35.553715,129.31839,17:00,20:00,,,,,,,월요일,0,3,,,,,,울산광역시,중구,울산광역시_중구,ok
331370200900001,사랑동물병원,울산광역시 남구,동물병원,개+고양이,052-273-0075,2026-01-12,2020-01-09,울산광역시 남구 중앙로 165-1 (신정동) , ,35.53583,129.31349,10:00,17:00,,,,,,,토요일+일요일,1,3,1.0,1.0,1.0,1.0,,울산광역시,남구,울산광역시_남구,ok
345464202400001,사랑플러스동물병원,전북특별자치도 전주시,동물병원,개+고양이+기타,063-211-0600,2026-01-13,2023-12-29,전북특별자치도 전주시 덕진구 쪽구름2길 8 (여의동2가) 1층,전북특별자치도 전주시 덕진구 여의동2가 684-27 1층,35.873573,127.07605,09:30,19:00,,,,,,,일요일,1,1,,,,,,전북특별자치도,전주시,전북특별자치도_전주시,ok
348534202000001,사천시 동물보호센터,경상남도 사천시,법인,개+고양이,055-831-3768,2024-11-27,2020-12-21,경상남도 사천시 용현면 진삼로 902  사천시유기동물보호소,경상남도 사천시 용현면 신복리 500 사천시농업기술센터 사천시유기동물보호소,35.037525,128.0673,09:00,18:00,09:00,17:00,,,,,토요일+일요일+공휴일,1,4,,,,,,경상남도,사천시,경상남도_사천시,ok
348545201100002,산청동물보호센터,경상남도 산청군,단체,개,,2025-09-25,2011-03-23,경상남도 산청군 산청읍 친환경로 2783-25 (산청읍) ,경상남도 산청군 산청읍 모고리 1349 ,35.426395,127.88127,09:00,18:00,09:00,18:00,,,,,토요일+일요일+공휴일,2,1,1.0,3.0,2.0,,,경상남도,산청군,경상남도_산청군,ok
331371202400001,산타클라라동물병원,울산광역시 동구,동물병원,개+고양이,052-244-4296,2025-09-16,2025-01-01,울산광역시 중구 다운로 1 (다운동) 대왕빌딩 1층,울산광역시 중구 다운동 552-2 대왕빌딩 1층,35.555798,129.27538,10:00,17:00,,,10:00,13:00,,,일요일,1,1,,,,,,울산광역시,중구,울산광역시_중구,ok
331370202500001,산타클라라동물병원,울산광역시 남구,동물병원,개+고양이,052-244-4296,,2025-01-01,울산광역시 중구 다운로 1 (다운동) 대왕빌딩 1층,울산광역시 중구 다운동 552-2 대왕빌딩 1층,35.555798,129.27538,10:00,17:00,,,,,,,0,1,1,,,,,,울산광역시,중구,울산광역시_중구,ok
331372202500001,산타클라라동물병원,울산광역시 북구,동물병원,개+고양이+기타,052-244-4296,,2025-01-01,울산광역시 중구 다운로 1 (다운동) 대왕빌딩 1층,울산광역시 중구 다운동 552-2 대왕빌딩 1층,35.555798,129.27538,00:00,24:00,,,,,,,일요일,2,2,,,,,,울산광역시,중구,울산광역시_중구,ok
331369201900001,산타클라라동물병원,울산광역시 중구,동물병원,개+고양이,052-244-4296,2026-01-13,2022-01-12,울산광역시 중구 다운로 1 (다운동) , ,35.555817,129.27536,10:00,17:00,,,,,,,일요일,1,1,,,,,,울산광역시,중구,울산광역시_중구,ok
328354201700003,삼산종합동물병원,인천광역시 부평구,동물병원,개+고양이+기타동물,032-330-0075,2026-02-03,2026-02-03,인천광역시 부평구 체육관로 40 (삼산동) ,인천광역시 부평구 삼산동 459-5 신영프라자 ,37.50824,126.73617,10:00,19:00,,,,,,,토요일+공휴일,1,1,,,,,,인천광역시,부평구,인천광역시_부평구,ok
342424201300001,삼척시동물보호센터,강원특별자치도 삼척시,법인,개+고양이,033-571-2610,2024-12-24,2019-10-11,강원도 삼척시 미로면 동안로 86-45  ,강원도 삼척시 미로면 사둔리 115 ,37.428772,129.11024,09:00,18:00,09:00,18:00,,,,,토요일+일요일+공휴일,1,3,1.0,19.0,1.0,1.0,1.0,,삼척시,_삼척시,ok
347511202000001,상주시 동물보호센터,경상북도 상주시,동물병원,개+고양이,,2026-02-06,2025-01-01,경상북도 상주시 사벌국면 상풍로 124  ,경상북도 상주시 사벌국면 원흥리 533-1 ,36.343754,128.13075,10:00,17:00,,,,,,,0,0,3,,,,,,경상북도,상주시,경상북도_상주시,ok
342424202500001,서루동물병원,강원특별자치도 삼척시,동물병원,개+고양이,033-802-7582,2025-09-02,2025-08-26,"강원특별자치도 삼척시 동해대로 4360 (갈천동, 일성 트루엘 시그니처) 상가 108호",강원특별자치도 삼척시 갈천동 227 일성 트루엘 시그니처 상가 108호,37.46123,129.16023,09:00,18:00,,,,,,,토요일+일요일,1,1,,,,,,강원특별자치도,삼척시,강원특별자치도_삼척시,ok
344453202100003,서산시 동물보호센터,충청남도 서산시,법인,개+고양이,041-660-2040,2025-09-26,2021-04-01,충청남도 서산시 인지면 무학재1길 99  ,충청남도 서산시 인지면 산동리 565-22 서산시 농업기술센터 ,36.720757,126.41265,09:00,18:00,,,,,,,토요일+일요일,1,4,,,,,,충청남도,서산시,충청남도_서산시,ok
311321201800002,서초동물사랑센터,서울특별시 서초구,법인,개,02-6956-7980,2024-12-27,2018-12-04,"서울특별시 서초구 양재천로19길 22 (양재동, 숨빌딩) 서초동물사랑센터", 서초동물사랑센터,37.47637,127.038155,10:00,17:00,,,,,,,월요일,0,3,,,,,,서울특별시,서초구,서울특별시_서초구,ok
311303202500001,성동구청,서울특별시 성동구,법인,반려동물,02-2286-6853,,2025-01-01,서울특별시 성동구 고산자로 270 (행당동) 10층 여성가족과,서울특별시 성동구 행당동 7 성동구청 10층 여성가족과,37.563427,127.03691,09:00,18:00,,,,,,,토요일+일요일,0,0,,,,,,서울특별시,성동구,서울특별시_성동구,ok
347521201900002,성주군동물보호센터,경상북도 성주군,법인,개+고양이,,2026-01-02,2020-01-01,경상북도 성주군 선남면 선노로 522 (선남면) , ,35.920765,128.39424,09:00,18:00,09:00,18:00,,,,,토요일+일요일,1,2,1.0,10.0,2.0,2.0,1.0,경상북도,성주군,경상북도_성주군,ok
328353202600001,세우리동물병원,인천광역시 남동구,동물병원,개+고양이+기타,032-463-9066,2026-01-05,2026-01-01,인천광역시 남동구 백범로 260 (간석동) ,인천광역시 남동구 간석동 921-15 ,37.46111,126.720566,10:00,18:00,10:00,18:00,10:00,14:00,,,일요일,1,2,1.0,5.0,2.0,1.0,,인천광역시,남동구,인천광역시_남동구,ok
327346202300002,세인트동물병원,대구광역시 수성구,동물병원,개+고양이,053-744-8285,2025-01-03,2023-03-01,대구광역시 수성구 청호로 484 (만촌동) ,대구광역시 수성구 만촌동 1025-35 ,35.857838,128.64505,10:00,18:30,,,,,,,일요일,1,1,,,,,,대구광역시,수성구,대구광역시_수성구,ok
369569202000001,세종유기동물보호센터,세종특별자치시,개인,개+기타,,2024-11-29,2023-08-18,세종특별자치시  전동면 미륵당1길 188 (전동면) ,세종특별자치시  전동면 미곡리 421-1 ,36.673023,127.221306,09:00,18:00,09:00,17:00,,,,,토요일+일요일,1,1,1.0,3.0,1.0,1.0,1.0,세종특별자치시,,세종특별자치시_,ok
369569201900001,세종종합동물병원,세종특별자치시,동물병원,고양이,044-868-8275,2024-12-24,2023-08-18,세종특별자치시 조치원읍 죽림로 60  세종종합동물병원,세종특별자치시 조치원읍 죽림리 228-12 세종종합동물병원,36.599155,127.2983,09:18,18:00,,,,,,,토요일+일요일,1,1,,,,,,세종특별자치시,,세종특별자치시_,ok
342423201200001,속초시유기동물보호소,강원특별자치도 속초시,법인,개+고양이+기타,033-636-2519,2024-09-13,2012-07-06,강원도 속초시 하도문길 103 (대포동) ,강원도 속초시 대포동 159-14 ,38.16919,128.59888,09:00,18:00,,,,,,,토요일+일요일,0,0,0.0,5.0,1.0,1.0,1.0,,속초시,_속초시,ok
341374202000001,수원시 동물보호센터,경기도 수원시,법인,개+고양이+기타,031-5191-3557,2026-02-03,2020-01-01,"경기도 수원시 영통구 광교호수로 234 (하동, 수원시 동물보호센터) 하동 40-10",경기도 수원시 영통구 하동 40-10 하동 40-10,37.285023,127.07871,09:00,18:00,09:00,18:00,,,,,토요일+일요일,1,6,,,,,1.0,경기도,수원시,경기도_수원시,ok
345477202000001,순창유기동물보호소,전북특별자치도 순창군,법인,개,063-650-5643,2025-09-26,2023-01-01,전라북도 순창군 구림면 삭골길 56-1  ,전라북도 순창군 구림면 월정리 889-2 ,35.437366,127.041855,10:00,17:00,,,,,,,일요일,1,1,,,,,,전라북도,순창군,전라북도_순창군,ok
346482201600003,순천시유기동물보호소,전라남도 순천시,법인,개+고양이,061-749-3094,2026-01-28,2016-05-02,"전라남도 순천시 승주읍 승주로 628 (승주읍, 농업기술센터) 순천시유기동물보호소",전라남도 순천시 승주읍 서평리 555 순천시유기동물보호소,35.01581,127.37942,09:00,18:00,09:00,18:00,09:00,18:00,,,토요일+일요일,0,3,,,,,1.0,전라남도,순천시,전라남도_순천시,ok
331370201200001,스마일동물병원,울산광역시 남구,동물병원,개+고양이,052-277-0075,2026-01-12,2020-01-09,울산광역시 남구 대학로 112 (무거동) , ,35.544704,129.26088,10:00,17:00,,,,,,,토요일+일요일,2,2,,,,,,울산광역시,남구,울산광역시_남구,ok
328353202600004,시민동물병원,인천광역시 남동구,동물병원,개+고양이+기타,032-426-4545,,2026-01-01,인천광역시 부평구 경인로 855 (부평동) ,인천광역시 부평구 부평동 756-151 DS 까사 ,37.484318,126.715485,10:00,18:00,10:00,18:00,10:00,14:00,,,일요일,1,3,1.0,8.0,2.0,1.0,1.0,인천광역시,부평구,인천광역시_부평구,ok
341401202200001,시흥동물누리보호센터,경기도 시흥시,법인,개+고양이+햄스터+기니피그+페럿,031-310-6945,2025-02-14,2022-03-16,경기도 시흥시 뒷방울길 218 (정왕동) ,경기도 시흥시 정왕동 산15-7 ,37.37397,126.742546,09:00,18:00,,,,,,,일요일,1,4,,,,,1.0,경기도,시흥시,경기도_시흥시,ok
328349201500001,신공항동물병원,인천광역시 중구,동물병원,개+고양이+기타,032-751-4598,2024-12-31,2021-12-30,인천광역시 중구 운남동로3번길 9 (운남동) ,인천광역시 중구 운남동 1570-2 ,37.488678,126.533356,09:00,18:00,10:00,17:00,09:00,18:00,,,일요일,2,1,1.0,50.0,1.0,2.0,1.0,인천광역시,중구,인천광역시_중구,ok
327346201500011,신세계동물병원,대구광역시 수성구,동물병원,개+고양이+기타,053-751-6693,2025-01-03,2017-01-01,대구광역시 수성구 수성동1가 명덕로 393 (수성동1가) , ,35.854717,128.6132,09:00,19:00,,,,,,,일요일,2,2,,,,,,대구광역시,수성구,대구광역시_수성구,ok
329359201700004,신세계동물병원,광주광역시 동구,동물병원,개+고양이,062-226-7585,2025-04-07,2022-01-01,광주광역시 동구 중앙로 150 (호남동) , ,35.45646,126.88529,10:00,19:00,,,,,,,일요일,1,1,,,,,,광주광역시,동구,광주광역시_동구,ok
346501201700001,신안군유기동물보호소,전라남도 신안군,개인,개+고양이+기타,,2025-08-23,2017-08-23,전라남도 무안군 삼향읍 석매길 36  ,전라남도 무안군 삼향읍 왕산리 197 ,34.853508,126.43002,09:00,18:00,09:00,,,18:00,,,0,0,1,0.0,3.0,1.0,1.0,1.0,전라남도,무안군,전라남도_무안군,ok
328355200900001,신영재동물병원,인천광역시 계양구,동물병원,개+고양이+기타,032-552-0075,2025-12-31,2019-01-01,인천광역시 계양구 장제로 923 (병방동) , ,37.548847,126.74137,09:00,18:00,09:00,18:00,09:00,18:00,,,공휴일,1,2,1.0,,,,1.0,인천광역시,계양구,인천광역시_계양구,ok
344452202300001,아산동물복지지원센터,충청남도 아산시,법인,개,041-530-6200,2025-01-20,2023-01-01,충청남도 아산시 환경공원로 158 (배미동) ,충청남도 아산시 배미동 9-29 ,36.800564,126.97759,09:00,18:00,13:00,15:00,,,,,토요일+일요일,1,6,,,,,,충청남도,아산시,충청남도_아산시,ok
311303202500005,아지동물병원,서울특별시 성동구,동물병원,고양이,02-6085-7750,,2025-03-05,서울특별시 성동구 독서당로 289 (금호동4가) ,서울특별시 성동구 금호동4가 1108 ,37.548077,127.021034,09:30,19:30,,,,,,,1,1,1,,,,,,서울특별시,성동구,서울특별시_성동구,ok
341408200900001,안성시동물보호센터,경기도 안성시,동물병원,개+고양이+기타,031-673-5491,2026-03-04,2021-01-01,경기도 안성시 보개원삼로 157 (가사동) 미래동물병원,경기도 안성시 가사동 15-55 미래동물병원,37.00667,127.274864,09:30,18:00,:,:,10:00,15:00,:,:,일요일+공휴일,1,4,1.0,3.0,1.0,1.0,2.0,경기도,안성시,경기도_안성시,ok
342432201000001,양구군유기동물보호소,강원특별자치도 양구군,법인,개,033-480-7785,2022-01-18,2014-01-01,강원도 양구군 국토정중앙면 삼팔선로 680  유기동물보호소,강원도 양구군 국토정중앙면 원리 90 유기동물보호소,38.050987,128.0468,09:00,18:00,09:00,18:00,:,:,:,:,토요일+일요일,0,2,0.0,2.0,1.0,1.0,1.0,,양구군,_양구군,ok
348538200900001,양산시 동물보호센터,경상남도 양산시,법인,개+고양이+기타,055-392-5669,2024-11-26,2008-02-01,경상남도 양산시 동면 양산대로 618  양산시 농업기술센터,경상남도 양산시 동면 석산리 392 양산시농업기술센터 양산시 농업기술센터,35.324547,129.03442,09:00,21:00,13:00,17:00,09:00,18:00,,,0,0,5,,,,,2.0,경상남도,양산시,경상남도_양산시,ok
342435201000001,양양군유기동물보호소,강원특별자치도 양양군,법인,개+고양이,033-670-2459,2025-01-17,2019-12-01,강원도 양양군 손양면 동막골길 115-35  .,강원도 양양군 손양면 삽존리 13 .,38.02046,128.64331,08:30,18:00,09:00,18:00,08:30,18:00,,,연중무휴,0,2,1.0,9.0,1.0,1.0,1.0,,양양군,_양양군,ok
341417201800001,양평군유기동물보호소,경기도 양평군,법인,개+고양이,031-770-2337,2024-11-27,2019-01-01,경기도 양평군 양평읍 농업기술센터길 59-1  ,경기도 양평군 양평읍 공흥리 1-1 ,37.510906,127.51331,09:00,18:00,13:00,16:00,09:00,18:00,13:00,16:00,0,1,6,1.0,25.0,1.0,1.0,2.0,경기도,양평군,경기도_양평군,ok
330366202600001,엄마손동물병원,대전광역시 서구,동물병원,개+고양이,042-585-0076,2026-01-12,2026-01-01,"대전광역시 서구 계백로 1426 (도마동, 도마동써머스빌주상복합) 1층",대전광역시 서구 도마동 173-1 도마동써머스빌주상복합 1층,36.312576,127.379745,10:00,18:00,,,,,,,토요일+일요일,1,0,,,,,,대전광역시,서구,대전광역시_서구,ok
311302201000006,열린동물병원,서울특별시 용산구,동물병원,개+고양이,02-3273-0075,2024-11-29,2021-01-01,서울특별시 용산구 원효로2가 84-10, 84-10,37.53505,126.96281,10:00,19:00,,,,,,,일요일,1,1,,,,,,서울특별시,용산구,서울특별시_용산구,ok
346497201300001,영광동물보호센터,전라남도 영광군,개인,개+고양이,,2023-11-22,2021-01-01,전라남도 영광군 불갑면 함영로 2755-48  ,전라남도 영광군 불갑면 건무리 431-4 ,35.20515,126.49414,09:00,18:00,,,,,,,토요일+일요일,1,1,,,,,,전라남도,영광군,전라남도_영광군,ok
347518202500001,영덕반려동물입양센터,경상북도 영덕군,동물병원,개+고양이,054-733-7583,2025-03-04,2025-03-04,경상북도 영덕군 영덕읍 중앙길 88-1  1층,경상북도 영덕군 영덕읍 남석리 5-10 1층,36.41075,129.37045,09:00,18:00,,,,,,,공휴일,1,3,,,,,,경상북도,영덕군,경상북도_영덕군,ok
347518201000001,영덕유기동물보호센터,경상북도 영덕군,법인,개+고양이,054-730-6286,2025-09-26,2017-08-01,경상북도 영덕군 영덕읍 구미2길 14-1 (영덕읍) 영덕군유기동물보호센터,경상북도 영덕군 영덕읍 구미리 22 영덕군유기동물보호센터,36.435738,129.35762,09:00,18:00,09:00,18:00,09:00,18:00,,,0,1,1,1.0,1.0,1.0,1.0,1.0,경상북도,영덕군,경상북도_영덕군,ok
347517201400001,영양군유기동물보호소,경상북도 영양군,법인,개,070-7792-6660,2024-05-03,2016-03-01,경상북도 영양군 영양읍 달구터길 85  ,경상북도 영양군 영양읍 동부리 339-21 ,36.68783,129.11324,09:00,18:00,09:00,18:00,09:00,13:00,09:00,13:00,토요일+일요일,0,2,,,,,0.0,경상북도,영양군,경상북도_영양군,ok
342427201400001,영월군 동물보호센터,강원특별자치도 영월군,법인,개+고양이,033-374-4983,2024-12-27,2024-01-01,강원특별자치도 영월군 남면 갈골길 12  영월군 동물보호센터,강원특별자치도 영월군 남면 북쌍리 193 영월군 동물보호센터,37.209248,128.41283,09:00,18:00,,,,,,,토요일+일요일+공휴일,1,4,,,,,1.0,강원특별자치도,영월군,강원특별자치도_영월군,ok
347509200900001,영주시 동물보호센터,경상북도 영주시,법인,개,054-631-3997,2025-10-02,2015-05-23,경상북도 영주시 장수면 반구로 143 [*미고시] 영주시동물보호센터,경상북도 영주시 장수면 반구리 407-8 영주시동물보호센터,36.772324,128.59396,09:00,18:00,09:00,18:00,09:00,17:00,09:00,17:00,일요일+공휴일,0,3,,,,,,경상북도,영주시,경상북도_영주시,ok
347510201600001,영천유기동물보호센터,경상북도 영천시,법인,개+고양이+기타,054-339-7177,2024-12-26,2018-11-01,"경상북도 영천시 천문로 622-13 (오미동, 영천시농업기술센터) ",경상북도 영천시 오미동 1147-1 ,35.990917,128.92596,09:00,18:00,09:00,12:00,,,,,토요일+일요일,1,4,,1.0,1.0,1.0,1.0,경상북도,영천시,경상북도_영천시,ok
344461202400001,예산임시동물보호센터,충청남도 예산군,법인,개,041-339-7838,2026-01-16,2024-11-01,충청남도 예산군 예산읍 군청로 22  ,충청남도 예산군 예산읍 예산리 777 예산군청 ,36.680843,126.84465,09:00,18:00,,,,,,,토요일+일요일,0,1,,,,,,충청남도,예산군,충청남도_예산군,ok
347523201200001,예천군유기동물보호소,경상북도 예천군,법인,개+기타,054-650-6578,2024-01-23,2016-05-30,"경상북도 예천군 예천읍 충효로 632-84 (예천읍, 유기동물보호소) ", ,36.67485,128.47624,09:00,18:00,09:00,18:00,09:00,18:00,09:00,18:00,0,1,1,1.0,36.0,1.0,1.0,1.0,경상북도,예천군,경상북도_예천군,ok
311303202500003,오렌지동물병원,서울특별시 성동구,동물병원,개,02-2297-7585,2025-03-31,2025-03-05,서울특별시 성동구 행당로8길 41-2 (행당동) ,서울특별시 성동구 행당동 322-100 ,37.5562,127.03397,09:00,21:00,,,,,,,0,1,2,,,,,,서울특별시,성동구,서울특별시_성동구,ok
341400200900001,오산 유기동물보호소,경기도 오산시,동물병원,개+고양이+기타,031-372-9325,2024-12-31,2021-01-01,경기도 오산시 성호대로 36 (오산동) ,경기도 오산시 오산동 609-55 ,37.149086,127.0652,10:00,19:00,10:00,17:00,,,,,토요일+일요일,1,1,,,,,1.0,경기도,오산시,경기도_오산시,ok
343443201500001,옥천동물병원,충청북도 옥천군,동물병원,개+고양이,,2025-01-06,2017-01-01,"충청북도 옥천군 옥천읍 삼금로 53 (옥천읍, 동물병원) 옥천동물병원", 옥천동물병원,36.30305,127.56878,09:00,18:00,09:00,18:00,,,,,토요일+일요일,2,0,1.0,1.0,1.0,1.0,1.0,충청북도,옥천군,충청북도_옥천군,ok
331373201200001,와우동물병원,울산광역시 울주군,동물병원,개+고양이+기타,052-225-0075,2026-01-02,2012-01-01,울산광역시 울주군 언양읍 읍성로 135 (언양읍) ,울산광역시 울주군 언양읍 동부리 370-15 ,35.570267,129.1231,09:00,18:00,09:00,18:00,09:00,12:00,09:00,12:00,공휴일,1,0,1.0,1.0,1.0,1.0,,울산광역시,울주군,울산광역시_울주군,ok
345472202300001,완주군유기동물보호소,전북특별자치도 완주군,법인,개,063-290-3248,2025-12-31,2023-01-01,전북특별자치도 완주군 화산면 누하길 127  ,전북특별자치도 완주군 화산면 운산리 478 ,35.9419,127.19032,09:00,18:00,,,,,,,토요일+일요일,0,2,,,,,,전북특별자치도,완주군,전북특별자치도_완주군,ok
341405201800001,용인시 동물보호센터,경기도 용인시,법인,개+고양이,031-6193-3463,2025-01-02,2017-01-01,경기도 용인시 처인구 중부대로 1074-1 (삼가동) 용인시 동물보호센터,경기도 용인시 처인구 삼가동 164 용인시 동물보호센터 용인시 동물보호센터,37.243313,127.15934,09:00,18:00,,,,,,,토요일+일요일+공휴일,1,7,1.0,,1.0,1.0,1.0,경기도,용인시,경기도_용인시,ok
347526201600001,울릉군농업기술센터,경상북도 울릉군,법인,개+고양이+기타,054-790-6284,2023-09-26,2017-10-17,"경상북도 울릉군 울릉읍 신리길 68 (울릉읍, 울릉도축장) ",경상북도 울릉군 울릉읍 사동리 714-2 ,37.467354,130.87772,09:00,18:00,,,,,,,토요일+일요일,1,1,,,,,,경상북도,울릉군,경상북도_울릉군,ok
331371201200001,울산유기동물보호센터,울산광역시 동구,단체,개+고양이,052-238-6113,2026-01-12,2025-01-01,울산광역시 울주군 온양읍 화산발리로 543 (온양읍) , ,35.390892,129.286,00:00,24:00,,,,,,,일요일,0,3,,,,,,울산광역시,울주군,울산광역시_울주군,ok
331369201400003,울산유기동물보호센터,울산광역시 중구,법인,개+고양이,052-238-6113,2026-01-13,2020-01-10,울산광역시 울주군 온양읍 화산발리로 543 (온양읍) , ,35.391132,129.28583,09:00,18:00,09:00,18:00,09:00,12:00,09:00,12:00,토요일+일요일,1,8,1.0,3.0,1.0,1.0,1.0,울산광역시,울주군,울산광역시_울주군,ok
331370201200003,울산유기동물보호센터,울산광역시 남구,단체,개+고양이,052-238-6113,2026-01-12,2020-01-09,울산광역시 울주군 온양읍 화산발리로 543 (온양읍) , ,35.390892,129.286,10:00,17:00,,,,,,,토요일+일요일,1,3,,,,,,울산광역시,울주군,울산광역시_울주군,ok
331372201200001,울산유기동물보호센터,울산광역시 북구,단체,개+고양이,052-238-6113,2025-01-02,2020-01-01,울산광역시 울주군 온양읍 화산발리로 543  ,울산광역시 울주군 온양읍 발리 1144 ,35.41029,129.28851,00:00,24:00,,,,,,,공휴일,0,3,,,,,,울산광역시,울주군,울산광역시_울주군,ok
331373201200002,울산유기동물보호센터,울산광역시 울주군,단체,개+고양이+기타,052-238-6113,2026-01-02,2012-01-01,울산광역시 울주군 온양읍 발리 1144, 1144,35.41029,129.28851,09:00,18:00,09:00,18:00,09:00,12:00,09:00,12:00,공휴일,1,8,1.0,3.0,1.0,1.0,1.0,울산광역시,울주군,울산광역시_울주군,ok
331371202500002,울산유기동물입양센터,울산광역시 동구,법인,개+고양이,,2025-09-01,2025-09-01,울산광역시 중구 젊음의거리 31 (성남동) 2~3층,울산광역시 중구 성남동 219-112 2~3층,35.553734,129.31839,17:00,20:00,,,13:00,20:00,,,월요일,1,3,,,,,,울산광역시,중구,울산광역시_중구,ok
347525202100001,울진군동물보호센터,경상북도 울진군,법인,개,054-789-6795,2024-09-13,2021-01-01,경상북도 울진군 울진읍 대흥신림로 916-37  ,경상북도 울진군 울진읍 고성리 864-7 울진군 동물보호센터 ,37.00343,129.3606,09:00,18:00,09:00,18:00,,,,,토요일+일요일,0,3,1.0,41.0,1.0,1.0,1.0,경상북도,울진군,경상북도_울진군,ok
342419200900001,원주시동물보호센터,강원특별자치도 원주시,법인,개+고양이+기타,033-731-1119,2026-01-04,2006-06-03,강원특별자치도 원주시 호저면 칠봉로 109-17  ,강원특별자치도 원주시 호저면 주산리 929-1 ,37.413876,127.91424,09:00,18:00,09:00,16:00,09:00,13:00,09:00,11:00,연중무휴,0,4,1.0,4.0,1.0,1.0,1.0,강원특별자치도,원주시,강원특별자치도_원주시,ok
344455202100001,월드동물병원,충청남도 금산군,동물병원,개+고양이,041-750-2584,2023-01-11,2021-02-01,충청남도 금산군 금산읍 비단로 102  103호,충청남도 금산군 금산읍 하옥리 332-16 성원기계 103호,36.09883,127.4917,09:00,18:00,,,,,,,토요일+일요일,1,1,,,,,,충청남도,금산군,충청남도_금산군,ok
311313201300003,웰케어 동물병원,서울특별시 마포구,동물병원,개+고양이+토끼+기니피그+페럿+햄스터,02-337-7575,2026-01-08,2020-01-01,"서울특별시 마포구 월드컵북로 27 (서교동, 이화빌딩) 서교동447-2", 서교동447-2,37.556877,126.91908,09:00,22:00,10:00,21:00,09:00,22:00,10:00,21:00,0,2,3,,,,,,서울특별시,마포구,서울특별시_마포구,ok
341407201900001,위더스 동물보호센터,경기도 이천시,동물병원,개+고양이+기타동물,031-882-4381,2025-02-01,2019-01-18,경기도 여주시 여양2로 42 (천송동) ,경기도 여주시 천송동 20-3 ,37.307938,127.67378,09:00,18:00,09:00,18:00,09:00,18:00,,,일요일,1,2,1.0,2.0,1.0,1.0,1.0,경기도,여주시,경기도_여주시,ok
346494201700001,유기동물 삼호 보호소,전라남도 영암군,개인,개+고양이,,2026-01-02,2017-03-22,전라남도 영암군 삼호읍 녹색로 1117-49 (삼호읍) 영암유기동물 삼호보호소,전라남도 영암군 삼호읍 산호리 277-21 영암유기동물 삼호보호소,34.74833,126.48584,09:00,18:00,,,,,,,토요일+일요일,0,1,,,,,1.0,전라남도,영암군,전라남도_영암군,ok
347507200900001,유기동물보호센터,경상북도 안동시,단체,개+고양이,,2026-01-07,2012-01-02,경상북도 안동시 서후면 풍산태사로 3252-29 (서후면) ,경상북도 안동시 서후면 태장리 201-1 ,36.63599,128.68384,09:00,18:00,10:00,17:00,10:00,17:00,12:00,15:00,일요일,0,3,1.0,10.0,2.0,1.0,1.0,경상북도,안동시,경상북도_안동시,ok
346499201300001,유기동물임시보호센터,전라남도 완도군,법인,개+고양이,061-550-5749,2024-12-31,2019-10-01,전라남도 완도군 신지면 신지로6번길 23-89 (신지면) , ,34.331898,126.781204,09:00,18:00,10:00,17:00,,,,,연중무휴,0,2,,,,,1.0,전라남도,완도군,전라남도_완도군,ok
343447202600001,음성군 동물보호센터,충청북도 음성군,법인,개+고양이,043-877-3081,2026-02-03,2026-02-03,충청북도 음성군 삼성면 대금로 715-5  ,충청북도 음성군 삼성면 천평리 산36 ,36.973564,127.515274,09:18,18:00,,,,,,,토요일+일요일,0,6,,,,,,충청북도,음성군,충청북도_음성군,ok
348539201900001,의령군 동물보호센터,경상남도 의령군,개인,개,055-570-4203,2024-09-13,2021-02-01,경상남도 의령군 의령읍 남강로 485-75  ,경상남도 의령군 의령읍 만천리 232 ,35.296494,128.28076,09:00,18:00,09:00,17:00,09:00,18:00,,,일요일,0,1,0.0,0.0,0.0,0.0,1.0,경상남도,의령군,경상남도_의령군,ok
347515201900001,의성동물보호센터,경상북도 의성군,개인,개,,2025-01-15,2019-01-02,경상북도 의성군 의성읍 의성사곡로 101  상리리 440-2,경상북도 의성군 의성읍 상리리 440-2 상리리 440-2,36.351913,128.72192,09:00,18:00,09:00,18:00,09:00,18:00,09:00,18:00,토요일+일요일,1,1,,,,,,경상북도,의성군,경상북도_의성군,ok
341403202000001,의왕시청,경기도 의왕시,법인,개+고양이+기타축종,031-345-2383,2025-12-19,2024-12-27,경기도 의왕시 백운로 23 (오전동) 도시농업과,경기도 의왕시 오전동 413-1 의왕시 문화복지회관 도시농업과,37.352077,126.98226,09:00,18:00,,,,,,,토요일+일요일,0,0,,,,,,경기도,의왕시,경기도_의왕시,ok
311302201000014,이상윤동물병원,서울특별시 용산구,동물병원,개+고양이,02-792-5455,2024-11-29,2021-01-01,서울특별시 용산구 이촌동 300-23, 300-23,37.516815,126.9762,10:00,19:00,,,,,,,일요일,1,1,,,,,,서울특별시,용산구,서울특별시_용산구,ok
327348202600001,이서동물병원,대구광역시 달성군,동물병원,개+고양이,053-719-0205,,2026-01-01,대구광역시 달서구 구마로 243 (성당동) 이서동물병원,대구광역시 달서구 성당동 263-4 이서동물병원,35.83765,128.55437,09:00,18:00,,,,,,,일요일,2,5,3.0,1.0,1.0,1.0,1.0,대구광역시,달서구,대구광역시_달서구,ok
345468201200001,익산유기동물보호소,전북특별자치도 익산시,법인,개+고양이+기타,063-855-1214,2025-12-31,2019-12-27,전북특별자치도 익산시 삼기면 황금로 342-17  ,전북특별자치도 익산시 삼기면 서두리 756-19 ,36.02582,126.966545,00:00,24:00,,,,,,,공휴일,2,6,,,,,2.0,전북특별자치도,익산시,전북특별자치도_익산시,ok
345470202100001,인월동물병원,전북특별자치도 남원시,동물병원,개+고양이,063-636-2873,2026-01-21,2021-07-31,전북특별자치도 남원시 인월면 인월로 64  ,전북특별자치도 남원시 인월면 인월리 236-6 지리산새마을금고 ,35.460613,127.60212,00:00,00:00,,,,,,,일요일,1,0,,,,,,전북특별자치도,남원시,전북특별자치도_남원시,ok
342433201300001,인제군동물보호센터,강원특별자치도 인제군,법인,개+고양이,033-460-2473,2026-01-02,2013-01-01,강원특별자치도 인제군 인제읍 덕산로 256-41  ,강원특별자치도 인제군 인제읍 덕산리 928-1 ,38.058823,128.16602,09:00,18:00,10:00,17:00,,,,,공휴일,0,2,,,,,,강원특별자치도,인제군,강원특별자치도_인제군,ok
328358201000001,인천수의사회유기동물,인천광역시 옹진군,단체,개+고양이,032-515-7567,2025-01-07,2006-01-01,인천광역시 계양구 다남로165번길 56 (다남동) 인천수의사회유기동물보호소,인천광역시 계양구 다남동 35-8 유기동물보호소 인천수의사회유기동물보호소,37.566288,126.71965,09:00,17:30,,,,,,,일요일,1,3,1.0,4.0,1.0,1.0,,인천광역시,계양구,인천광역시_계양구,ok
331371201000001,일산동물의료센터,울산광역시 동구,동물병원,개+고양이,052-252-5878,2026-01-12,2025-01-02,울산광역시 동구 방어진순환도로 645 (일산동) , ,35.499413,129.4281,09:00,19:00,,,,,,,토요일+일요일,1,2,,,,,,울산광역시,동구,울산광역시_동구,ok
345476202100001,임실유기동물보호센터,전북특별자치도 임실군,법인,개,063-642-5550,2026-02-23,2026-02-01,"전라북도 임실군 오수면 춘향로 1554-95  펫추모공원 입구, 유기동물보호센터","전라북도 임실군 오수면 금암리 864-1 오수펫추모공원 펫추모공원 입구, 유기동물보호센터",35.53888,127.34328,09:00,18:00,09:18,,,,,,토요일+일요일,1,3,,,,1.0,,전라북도,임실군,전라북도_임실군,ok
346498202000001,장성군동물보호센터,전라남도 장성군,법인,개,061-390-8423,2025-12-31,2024-09-01,전라남도 장성군 삼계면 능성로 382-31  0,전라남도 장성군 삼계면 상도리 657-3 0,35.25374,126.68537,09:00,18:00,09:00,18:00,09:00,18:00,09:00,18:00,토요일+일요일,0,3,1.0,30.0,1.0,1.0,1.0,전라남도,장성군,전라남도_장성군,ok
345475202200003,장수군 보호소,전북특별자치도 장수군,법인,개,063-350-2436,2026-01-05,2026-01-01,전라북도 장수군 천천면 승마1로 152  ,전라북도 장수군 천천면 월곡리 산87-3 장수승마장 ,35.697975,127.508156,09:00,18:00,,,,,,,일요일+토요일,0,2,,,,,,전라북도,장수군,전라북도_장수군,ok
346491201300001,장흥군 동물보호센터,전라남도 장흥군,법인,개+고양이,061-860-6713,2024-12-19,2018-01-01,"전라남도 장흥군 안양면 우드랜드길 288 (안양면, 남도국제교육원) 축산사업소", 축산사업소,34.66766,126.94461,09:00,18:00,09:00,18:00,,,,,토요일+일요일+공휴일,0,2,,,,,1.0,전라남도,장흥군,전라남도_장흥군,ok
345471201800002,전북말산업복합센터,전북특별자치도 김제시,법인,개+고양이,063-547-3549,2026-01-02,2021-01-01,전라북도 김제시 용지면 금백로 571-39 (용지면) 전북말산업복합센터, 전북말산업복합센터,35.823616,126.99472,10:00,18:00,,,,,,,토요일+일요일,2,3,,,,,,전라북도,김제시,전라북도_김제시,ok
347516202000001,점곡동물보호센터,경상북도 청송군,법인,개,054-870-6281,2025-09-29,2020-09-15,경상북도 청송군 현동면 청송로 3128-141  ,경상북도 청송군 현동면 도평리 149 ,36.30375,129.05507,09:00,18:00,,,,,,,토요일+일요일,1,1,1.0,1.0,1.0,1.0,1.0,경상북도,청송군,경상북도_청송군,ok
341386201800004,정샘동물병원,경기도 부천시,동물병원,개+고양이+등,032-323-4999,2025-01-10,2021-01-01,"경기도 부천시 원미구 중동로 244 (중동, 상록센트럴타워) 109,110호","경기도 부천시 중동 1152 상록센트럴타워 109,110호",37.501526,126.769035,10:00,20:00,,,,,,,일요일,1,1,,,,,,경기도,부천시,경기도_부천시,ok
342429201400001,정선가축병원,강원특별자치도 정선군,동물병원,개+고양이,033-563-0198,2024-12-03,2013-05-27,강원도 정선군 정선읍 정선로 1321 (정선읍) , ,37.37939,128.66069,09:00,18:30,,,,,,,토요일+일요일,1,4,,,,,,,정선군,_정선군,ok
345469202000001,정읍시 동물보호소,전북특별자치도 정읍시,법인,개+고양이+기타,063-535-6295,2024-12-31,2020-08-01,전북특별자치도 정읍시 2산단5길 37-1 (하북동) , ,35.591347,126.873535,09:00,18:00,,,,,,,토요일+일요일,0,4,,,,,,전북특별자치도,정읍시,전북특별자치도_정읍시,ok
331372202000001,정철동물병원,울산광역시 북구,동물병원,개+고양이,052-287-0348,2025-01-02,2020-01-01,울산광역시 북구 진장17길 11 (진장동) 정철동물병원,울산광역시 북구 진장동 727-4 정철동물병원,35.562035,129.3553,00:00,24:00,,,,,,,0,2,2,,,,,,울산광역시,북구,울산광역시_북구,ok
350651202500001,제2동물보호센터,제주특별자치도 제주시,법인,개+고양이,064-710-4806,2025-11-25,2025-11-25,제주특별자치도 제주시 애월읍 어림비로 616-107  ,제주특별자치도 제주시 애월읍 어음리 산94-1 ,33.382755,126.34918,09:00,18:00,,,,,,,일요일,1,4,,,,,,제주특별자치도,제주시,제주특별자치도_제주시,ok
327346201500009,제니스동물병원,대구광역시 수성구,동물병원,개+고양이+기타,053-756-8293,2025-01-03,2017-01-01,대구광역시 수성구 달구벌대로 2475 (범어동) , ,35.859123,128.6334,10:00,18:00,,,,,,,일요일,1,2,,,,,,대구광역시,수성구,대구광역시_수성구,ok
350650201200001,제주 동물보호센터,제주특별자치도,법인,개+고양이,064-710-4065,2025-09-29,2011-05-16,제주특별자치도 제주시 첨단동길 184-14 (용강동) , ,33.455498,126.58915,09:00,18:00,14:00,16:00,09:00,13:00,11:00,13:00,일요일,4,11,1.0,,,1.0,0.0,제주특별자치도,제주시,제주특별자치도_제주시,ok
350652200900001,제주동물보호센터,제주특별자치도 서귀포시,법인,개+고양이,064-710-4067,2024-10-02,2011-05-16,제주특별자치도 제주시 첨단동길 184-14 (용강동) , ,33.455498,126.58915,09:00,18:00,,,,,,,일요일,4,11,1.0,,,1.0,,제주특별자치도,제주시,제주특별자치도_제주시,ok
350651201100001,제주동물보호센터,제주특별자치도 제주시,법인,개+고양이,064-710-4067,2023-09-26,2011-05-16,제주특별자치도 제주시 첨단동길 184-14 (용강동) , ,33.455498,126.58915,09:00,18:00,,,,,,,일요일,4,11,,,,,,제주특별자치도,제주시,제주특별자치도_제주시,ok
350651202300001,제주애니시스(주),제주특별자치도 제주시,법인,개+고양이+기타,,2026-03-06,2023-01-01,제주특별자치도 제주시 아봉로 503-1 (용강동) ,제주특별자치도 제주시 용강동 1353-5 ,33.474583,126.58313,00:00,24:00,,,,,,,0,0,11,,,,,,제주특별자치도,제주시,제주특별자치도_제주시,ok
343440201500002,제천시 동물보호센터,충청북도 제천시,단체,개+고양이+기타,043-647-0059,2025-12-31,2020-01-01,충청북도 제천시 금성면 적성로8길 51 (금성면) ,충청북도 제천시 금성면 동막리 994-2 ,37.084564,128.21506,09:00,18:00,09:00,18:00,09:00,18:00,09:00,18:00,0,0,0,1.0,40.0,3.0,1.0,1.0,충청북도,제천시,충청북도_제천시,ok
311303202500004,조은동물병원,서울특별시 성동구,동물병원,개+고양이,02-2297-0075,2025-03-31,2025-03-05,서울특별시 성동구 왕십리로 381 (하왕십리동) ,서울특별시 성동구 하왕십리동 892-4 ,37.564587,127.02786,10:00,20:00,,,,,,,0,2,2,,,,,,서울특별시,성동구,서울특별시_성동구,ok
328354202000001,조재진동물병원,인천광역시 부평구,동물병원,개+고양이+기타동물,032-518-3800,2026-02-03,2026-02-03,인천광역시 부평구 원적로 419 (산곡동) ,인천광역시 부평구 산곡동 411-23 ,37.504032,126.71177,10:30,19:00,,,,,,,토요일+공휴일,1,2,,,,,,인천광역시,부평구,인천광역시_부평구,ok
347512201700001,종합축산,경상북도 문경시,개인,개+고양이+기타,054-552-2233,2025-05-08,2023-04-26,경상북도 문경시 중앙로 170 (흥덕동) 종합축산, 종합축산,36.59969,128.20251,09:00,22:00,09:00,19:00,09:00,22:00,10:00,14:00,일요일,1,1,1.0,1.0,1.0,1.0,1.0,경상북도,문경시,경상북도_문경시,ok
344558202400001,주동물병원,충청남도 계룡시,동물병원,개,042-840-2653,2025-12-31,2024-02-01,충청남도 계룡시 계룡대로 245 (금암동) 1층,충청남도 계룡시 금암동 72-4 반석빌딩 1층,36.268574,127.25945,10:00,18:00,10:00,18:00,,,,,토요일+일요일+공휴일,1,1,1.0,2.0,1.0,1.0,,충청남도,계룡시,충청남도_계룡시,ok
331370202000001,주동물병원,울산광역시 남구,동물병원,개+고양이,052-268-8275,2026-01-12,2020-01-09,울산광역시 남구 돋질로 385-1 (삼산동) ,울산광역시 남구 삼산동 180-33 ,35.543655,129.34712,10:00,17:00,,,,,,,토요일+일요일,2,2,,,,,,울산광역시,남구,울산광역시_남구,ok
343445202200001,증평 가정견 훈련소,충청북도 진천군,개인,개+고양이,,2026-01-09,2022-07-01,충청북도 증평군 도안면 입장길 239  ,충청북도 증평군 도안면 송정리 12-3 ,36.846962,127.60822,00:00,24:00,,,,,,,연중무휴,0,2,,,,,2.0,충청북도,증평군,충청북도_증평군,ok
346500202400002,진도군임시보호소,전라남도 진도군,법인,개,061-540-6338,2025-01-19,2016-06-01,전라남도 진도군 진도읍 성죽골길 30  ,전라남도 진도군 진도읍 동외리 268-14 ,34.48236,126.27857,09:00,18:00,,,,,,,토요일+일요일+공휴일,1,1,,,,,,전라남도,진도군,전라남도_진도군,ok
345473202300001,진안군유기동물보호소,전북특별자치도 진안군,법인,개+고양이,063-430-8175,2025-12-31,2023-01-01,전북특별자치도 진안군 진안읍 예리길 36  .,전북특별자치도 진안군 진안읍 물곡리 1241 .,35.780716,127.46495,09:00,18:00,,,,,,,토요일+일요일,2,2,,,,,,전북특별자치도,진안군,전북특별자치도_진안군,ok
348531201000001,진주시동물보호센터,경상남도 진주시,법인,개,055-749-6134,2024-11-27,2005-12-01,"경상남도 진주시 집현면 신당길207번길 22 (집현면, 지역농업개발시설) ", ,35.226696,128.12158,09:00,18:00,09:00,17:00,09:00,18:00,09:00,17:00,공휴일,0,3,,1.0,1.0,1.0,1.0,경상남도,진주시,경상남도_진주시,ok
348532200900001,진해유기동물보호소,경상남도 창원시 진해구,법인,개,055-225-5701,2022-01-14,2010-11-01,경상남도 창원시 진해구 웅천로 218 (성내동) 도시농업과 부지 내,경상남도 창원시 진해구 성내동 205 도시농업과 부지 내,35.114,128.75427,08:00,17:00,15:00,16:00,08:00,17:00,:,:,0,0,4,,,,,1.0,경상남도,창원시,경상남도_창원시,ok
348541201300001,창녕 유기동물보호소,경상남도 창녕군,개인,개+고양이,,2026-03-04,2019-01-02,경상남도 창녕군 고암면 창밀로 335-26 (고암면) 고암면 억만리 28,경상남도 창녕군 고암면 억만리 870 고암면 억만리 28,35.574085,128.50745,09:00,18:00,09:00,18:00,,,,,토요일+일요일,1,1,1.0,1.0,1.0,1.0,1.0,경상남도,창녕군,경상남도_창녕군,ok
348527200900001,창원동물보호센터,경상남도 창원시 의창성산구,법인,개,055-225-5701,2025-06-11,2013-10-10,경상남도 창원시 성산구 공단로474번길 117 (상복동) 창원동물보호센터,경상남도 창원시 성산구 상복동 564-1 펫빌리지 창원동물보호센터,35.239025,128.6466,08:00,17:00,13:30,15:30,08:00,17:00,13:30,15:30,0,1,16,,,,,0.0,경상남도,창원시,경상남도_창원시,ok
344449202100001,천안시 동물보호센터,충청남도 천안시,단체,개+고양이+기타,,2024-12-12,2024-01-01,"충청남도 천안시 동남구 목천읍 충절로 577  문의전화 : 입양(010-5913-5119), 구조(010-4999-6119)","충청남도 천안시 동남구 목천읍 응원리 273-12 문의전화 : 입양(010-5913-5119), 구조(010-4999-6119)",36.772705,127.180046,09:00,18:00,09:00,18:00,00:00,00:00,00:00,00:00,토요일+일요일+공휴일,1,6,1.0,15.0,1.0,1.0,1.0,충청남도,천안시,충청남도_천안시,ok
342430201900001,철원군,강원특별자치도 철원군,법인,개,033-450-5394,2025-01-20,2019-01-01,강원도 철원군 동송읍 장흥로 311  ,강원도 철원군 동송읍 장흥리 759 철원군농업기술센타 ,38.203907,127.25076,09:00,18:00,,,,,,,토요일+일요일,0,1,,,,,1.0,,철원군,_철원군,ok
347519202100001,청도군동물보호센터,경상북도 청도군,법인,개,054-371-9267,2024-12-30,2021-05-01,경상북도 청도군 청도읍 중앙로 84-466  동물보호센터,경상북도 청도군 청도읍 원정리 산5-11 동물보호센터,35.649292,128.73438,09:00,18:00,,,,,,,토요일+일요일,0,1,,,,,,경상북도,청도군,경상북도_청도군,ok
344459202000001,청양보호소,충청남도 청양군,동물병원,개+고양이,041-940-2974,2026-01-06,2020-01-01,충청남도 청양군 대치면 청산로 446-17 (대치면) ,충청남도 청양군 대치면 수석리 341-1 ,36.47119,126.8314,09:00,18:00,,,,,,,토요일+일요일,1,1,1.0,1.0,10.0,1.0,1.0,충청남도,청양군,충청남도_청양군,ok
345470200900001,청원동물병원,전북특별자치도 남원시,동물병원,개+고양이,063-633-3533,2026-01-21,2020-01-01,전북특별자치도 남원시 죽항동 278번지, 278번지,35.407608,127.38455,09:00,19:00,10:00,17:00,09:00,18:00,10:00,17:00,일요일,1,1,1.0,1.0,1.0,1.0,1.0,전북특별자치도,남원시,전북특별자치도_남원시,ok
326337201300001,청조동물병원,부산광역시 연제구,동물병원,개+고양이+기타,051-503-0688,2025-12-31,2023-12-21,부산광역시 연제구 온천천남로 4 (연산동) , ,35.19296,129.09128,09:00,18:00,09:00,18:00,,,,,토요일+일요일,1,2,1.0,1.0,1.0,1.0,1.0,부산광역시,연제구,부산광역시_연제구,ok
331373201600002,초록동물병원,울산광역시 울주군,동물병원,개+고양이,052-262-6114,2026-01-02,2016-01-01,울산광역시 울주군 삼남읍 상평강변길 3  ,울산광역시 울주군 삼남읍 교동리 1499-264 ,35.56294,129.12163,09:00,18:00,09:00,18:00,09:00,12:00,09:00,12:00,공휴일,1,3,1.0,1.0,1.0,1.0,0.0,울산광역시,울주군,울산광역시_울주군,ok
344462200900001,최동물병원,충청남도 태안군,동물병원,개,041-672-0346,2026-01-05,2013-01-01,충청남도 태안군 태안읍 남문리 504-6, 504-6,36.753563,126.292114,09:00,19:00,10:00,17:00,09:00,14:00,10:00,12:00,일요일,1,1,,,,,,충청남도,태안군,충청남도_태안군,ok
343444200900002,최종주동물병원,충청북도 영동군,동물병원,개+고양이+기타,043-744-4209,2026-01-06,2017-01-01,"충청북도 영동군 영동읍 계산로 54 (영동읍, 최종주동물병원) ", ,36.172623,127.78233,09:00,18:00,10:00,17:00,,,,,토요일+일요일,1,1,1.0,1.0,1.0,1.0,1.0,충청북도,영동군,충청북도_영동군,ok
330368202600001,추영재동물병원,대전광역시 대덕구,동물병원,고양이,042-628-7588,2026-03-06,2026-03-02,대전광역시 대덕구 한밭대로 1027 (오정동) 추영재동물병원,대전광역시 대덕구 오정동 62-1 추영재동물병원,36.358803,127.41269,09:30,19:00,,,09:30,18:00,,,일요일,3,0,,,,,,대전광역시,대덕구,대전광역시_대덕구,ok
342418201300001,춘천시 동물보호센터,강원특별자치도 춘천시,법인,개+고양이+기타,033-245-5351,2025-12-31,2013-01-14,강원도 춘천시 신북읍 영서로 3282 (신북읍) (전)102보충대 주차장, (전)102보충대 주차장,37.92321,127.73448,09:00,18:00,09:00,18:00,,,,,토요일+일요일+공휴일,0,4,2.0,2.0,1.0,1.0,1.0,,춘천시,_춘천시,ok
343439201700001,충주시동물보호센터,충청북도 충주시,법인,개,043-851-3168,2024-12-11,2018-07-02,충청북도 충주시 중앙탑면 일곱실길 70 (중앙탑면) , ,37.00836,127.849754,09:00,17:00,11:00,17:00,09:00,17:00,11:00,17:00,토요일+일요일,2,4,,,,,,충청북도,충주시,충청북도_충주시,ok
347522201400001,칠곡유기동물보호센터,경상북도 칠곡군,단체,개+고양이,054-973-5710,2025-01-17,2018-04-24,경상북도 칠곡군 석적읍 포망로 341 (석적읍) , ,36.040894,128.44196,09:00,18:00,09:00,18:00,09:00,18:00,,18:00,토요일+일요일,0,1,,1.0,1.0,1.0,1.0,경상북도,칠곡군,경상북도_칠곡군,ok
331372202000002,쿨펫 홈플러스 북구점,울산광역시 북구,동물병원,개+고양이,052-286-3567,2025-01-02,2020-01-01,"울산광역시 북구 신답로 26 (상안동, 홈플러스) 쿨펫동물병원 홈플러스 북구점",울산광역시 북구 상안동 322-9 쿨펫동물병원 홈플러스 북구점,35.630043,129.34488,10:00,24:00,,,,,,,0,1,1,,,,,,울산광역시,북구,울산광역시_북구,ok
331372200900003,쿨펫동물병원,울산광역시 북구,동물병원,개+고양이,052-288-7572,2025-01-02,2020-01-01,"울산광역시 북구 진장유통로 64 (진장동, 롯데마트) 4층 쿨펫동물병원", 4층 쿨펫동물병원,35.576,129.35902,10:00,23:00,10:00,23:00,:,:,:,:,0,2,2,,,,,0.0,울산광역시,북구,울산광역시_북구,ok
348548201700001,태민동물보호센터,경상남도 합천군,동물병원,개+고양이,,2025-03-03,2023-03-01,"경상남도 합천군 합천읍 옥산로 16 (합천읍, 까치빌라) 태민동물병원", 태민동물병원,35.568718,128.15666,09:00,18:00,09:00,18:00,,,,,토요일+일요일,1,1,1.0,1.0,10.0,1.0,1.0,경상남도,합천군,경상남도_합천군,ok
342422200900001,태백시유기동물보호소,강원특별자치도 태백시,개인,개,,2024-07-05,2013-04-01,강원도 태백시 문의재로 5 (통동) , ,37.17289,129.04079,09:00,18:00,10:00,18:00,,,,,토요일+일요일+공휴일,0,1,0.0,,,,1.0,,태백시,_태백시,ok
344462202400001,태안 동물보호소,충청남도 태안군,법인,개,041-670-2827,2025-02-26,2024-01-01,충청남도 태안군 남면 몽대로 249  ,충청남도 태안군 남면 몽산리 1076-3 ,36.6902,126.265,09:00,18:00,,,,,,,일요일,0,1,,,,,,충청남도,태안군,충청남도_태안군,ok
348533202100001,통영시동물보호센터,경상남도 통영시,법인,개+고양이,055-650-6291,2025-10-01,2021-07-30,경상남도 통영시 광도면 전두1길 9-8  ,경상남도 통영시 광도면 노산리 251-34 ,34.904404,128.40443,09:00,18:00,,,,,,,토요일+일요일,1,4,1.0,24.0,1.0,1.0,,경상남도,통영시,경상남도_통영시,ok
330366202500002,퍼피동물병원,대전광역시 서구,동물병원,개+고양이,042-533-7533,2025-10-31,2025-10-31,대전광역시 서구 갈마로 234 (내동) ,대전광역시 서구 내동 31-10 ,36.334663,127.38013,10:00,17:30,,,,,,,토요일+일요일,1,0,,,,,,대전광역시,서구,대전광역시_서구,ok
327346201900001,펫동물병원,대구광역시 수성구,동물병원,개+고양이+기타,053-474-9820,2025-01-03,2017-01-01,대구광역시 수성구 달구벌대로 3144 (노변동) 펫동물병원, 펫동물병원,35.84144,128.70085,10:00,19:00,,,,,,,목요일,1,2,,,,,,대구광역시,수성구,대구광역시_수성구,ok
341378201300002,펫앤쉘터동물병원,경기도 성남시,동물병원,개+고양이+유기유실동물,031-714-8392,2026-01-05,2017-01-01,"경기도 성남시 분당구 불정로 266 (수내동, 유신제일조합) ", ,37.3671,127.12769,10:00,18:00,,,,,,,공휴일,1,6,,,,,,경기도,성남시,경기도_성남시,ok
311302201000012,펫토이동물병원,서울특별시 용산구,동물병원,개+고양이,02-795-2184,2024-11-29,2021-01-01,서울특별시 용산구 한남동 653-26, 653-26,37.533978,127.00258,11:00,19:00,,,,,,,일요일,1,1,,,,,,서울특별시,용산구,서울특별시_용산구,ok
342428200900001,평창군유기동물보호소,강원특별자치도 평창군,개인,개,,2024-12-30,2017-01-02,강원도 평창군 진부면 청송로 61 , ,37.63677,128.55336,09:00,17:00,09:00,17:00,09:00,17:00,09:00,17:00,일요일,0,1,,,,,,,평창군,_평창군,ok
341391202500001,평택시동물보호센터,경기도 평택시,법인,개+고양이+기타동물,031-8024-8081,2025-09-26,2025-08-07,경기도 평택시 청북읍 청북로 497  ,경기도 평택시 청북읍 율북리 43-13 ,37.071445,126.97374,09:00,18:00,,,,,,,일요일+월요일,1,8,,,,,1.0,경기도,평택시,경기도_평택시,ok
345464200900001,프렌즈동물병원,전북특별자치도 전주시,동물병원,개+고양이+기타,063-227-4975,2026-01-13,2023-01-01,전라북도 전주시 완산구 삼천동1가 592-1, 592-1,35.79633,127.12237,09:30,19:00,,,,,,,일요일+공휴일,2,1,,,,,1.0,전라북도,전주시,전라북도_전주시,ok
345470201300002,하나동물병원,전북특별자치도 남원시,동물병원,개+고양이,063-634-7582,2026-01-21,2020-01-01,전북특별자치도 남원시 왕정동 67 , ,35.406647,127.375534,09:00,19:00,10:00,18:00,09:00,18:00,10:00,17:00,일요일,1,1,,,,,1.0,전북특별자치도,남원시,전북특별자치도_남원시,ok
348544201100001,하동군유기동물보호소,경상남도 하동군,법인,개+고양이+기타,055-880-2677,2025-09-30,2009-09-01,경상남도 하동군 적량면 한옥정길 90 (적량면) 유기동물보호소,경상남도 하동군 적량면 동산리 1830 유기동물보호소,35.078846,127.76912,09:00,18:00,09:00,17:00,09:00,18:00,09:00,17:00,일요일+공휴일,1,4,1.0,1.0,1.0,1.0,1.0,경상남도,하동군,경상남도_하동군,ok
346496201800001,학교임시동물보호센터,전라남도 함평군,개인,개,,2025-12-31,2019-01-01,전라남도 함평군 학교면 송산길 84 (학교면) 월산리 806-1 , 월산리 806-1 ,35.04549,126.538994,09:00,18:00,,,,,,,토요일+일요일,0,2,,,,,,전라남도,함평군,전라남도_함평군,ok
311300201300001,한국동물구조관리협회,서울특별시 종로구,단체,개+고양이+기타,031-867-9119,2026-02-27,2020-02-27,경기도 양주시 남면 감악산로 63-37 (남면) ,경기도 양주시 남면 상수리 410-1 ,37.870483,126.98364,09:00,18:00,09:00,18:00,09:00,16:00,09:00,16:00,일요일+공휴일,1,8,1.0,6.0,1.0,1.0,,경기도,양주시,경기도_양주시,ok
311307200900001,한국동물구조관리협회,서울특별시 성북구,법인,개+고양이+기타,031-867-9119,2026-01-23,2026-01-01,경기도 양주시 남면 감악산로 63-37 (남면) ,경기도 양주시 남면 상수리 410-1 ,37.869892,126.983116,09:00,18:00,09:00,16:00,09:00,18:00,09:00,16:00,공휴일,1,9,1.0,6.0,1.0,1.0,5.0,경기도,양주시,경기도_양주시,ok
311321201400004,한국동물구조관리협회,서울특별시 서초구,법인,개+고양이+기타,031-867-9119,2026-03-03,2026-03-01,경기도 양주시 남면 감악산로 63-37  한국동물구조관리협회,경기도 양주시 남면 상수리 410-1 한국동물구조관리협회,37.8701,126.98354,09:00,18:00,09:00,18:00,09:00,16:00,09:00,16:00,일요일+공휴일,1,8,1.0,6.0,1.0,1.0,,경기도,양주시,경기도_양주시,ok
311316201100001,한국동물구조관리협회,서울특별시 구로구,법인,개+고양이+기타,031-867-9119,2026-03-04,2020-02-29,경기도 양주시 남면 감악산로 63-37  ,경기도 양주시 남면 상수리 410-1 ,37.870117,126.98354,09:00,18:00,09:00,18:00,09:00,16:00,09:00,16:00,일요일+공휴일,1,8,1.0,6.0,1.0,1.0,,경기도,양주시,경기도_양주시,ok
311311201100001,한국동물구조관리협회,서울특별시 은평구,법인,개+고양이+기타,031-867-9119,2026-03-06,2026-03-01,경기도 양주시 남면 감악산로 63-48  ,경기도 양주시 남면 상수리 536-11 ,37.870117,126.98354,09:00,18:00,09:00,18:00,09:00,16:00,09:00,16:00,공휴일+일요일,1,8,1.0,6.0,1.0,1.0,,경기도,양주시,경기도_양주시,ok
311305201300001,한국동물구조관리협회,서울특별시 동대문구,법인,개+고양이+기타,031-867-9119,2026-01-09,2020-03-01,경기도 양주시 남면 감악산로 63-37 , ,37.869892,126.983116,09:00,18:00,09:00,18:00,09:00,16:00,09:00,16:00,일요일+공휴일,1,8,1.0,6.0,1.0,1.0,,경기도,양주시,경기도_양주시,ok
311312201100001,한국동물구조관리협회,서울특별시 서대문구,법인,개+고양이+기타,031-867-9119,2025-12-31,2025-12-08,경기도 양주시 남면 감악산로 63-37  ,경기도 양주시 남면 상수리 410-1 ,37.8701,126.98354,09:00,23:00,,,,,,,일요일+공휴일,1,8,1.0,6.0,1.0,1.0,7.0,경기도,양주시,경기도_양주시,ok
311323201100001,한국동물구조관리협회,서울특별시 송파구,법인,개+고양이+기타,031-867-9119,2024-12-23,2024-01-01,경기도 양주시 남면 감악산로 63-37 (남면) ,경기도 양주시 남면 상수리 410-1 ,37.870117,126.98354,09:00,18:00,09:00,18:00,09:00,16:00,09:00,16:00,일요일+공휴일,1,8,1.0,6.0,1.0,1.0,,경기도,양주시,경기도_양주시,ok
341398200900001,한국동물구조관리협회,경기도 구리시,법인,개+고양이+기타,031-867-9119,2024-12-31,2022-12-30,경기도 양주시 남면 감악산로 63-37  ,경기도 양주시 남면 상수리 410-1 ,37.8701,126.98354,00:00,24:00,,,,,,,연중무휴,1,6,,,,,,경기도,양주시,경기도_양주시,ok
341382200900001,한국동물구조관리협회,경기도 의정부시,법인,개+고양이+원숭이,031-867-9119,2025-01-03,2025-01-01,경기도 양주시 남면 감악산로 63-37 (남면) ,경기도 양주시 남면 상수리 410-1 ,37.8701,126.98354,09:00,18:00,,,,,,,토요일+일요일,1,21,,,,,5.0,경기도,양주시,경기도_양주시,ok
311318201200001,한국동물구조관리협회,서울특별시 영등포구,법인,개+고양이+기타,031-867-9119,2025-01-08,2023-06-01,경기도 양주시 남면 감악산로 63-37 , ,37.870117,126.98354,09:00,18:00,,,,,,,토요일+일요일+공휴일,5,10,,,,,,경기도,양주시,경기도_양주시,ok
341409201400001,한국동물구조관리협회,경기도 김포시,법인,개+고양이,031-867-9119,2025-01-14,2014-01-01,경기도 양주시 남면 감악산로 63-37 (남면) , ,37.870663,126.98335,09:00,18:00,,,,,,,일요일+공휴일,1,9,,,,,,경기도,양주시,경기도_양주시,ok
341559200900001,한국동물구조관리협회,경기도 양주시,법인,개+고양이+기타,031-867-9119,2025-02-28,2025-03-01,경기도 양주시 남면 감악산로 63-37 (남면) , ,37.8701,126.98354,09:00,18:00,,,,,,,토요일+일요일+공휴일,1,8,,,,,,경기도,양주시,경기도_양주시,ok
311322200900001,한국동물구조관리협회,서울특별시 강남구,법인,개+고양이+기타,031-867-9119,2025-03-04,2019-03-01,경기도 양주시 남면 감악산로 63-37 (남면) 한국동물구조관리협회,경기도 양주시 남면 상수리 410-1 한국동물구조관리협회,37.870117,126.98354,09:00,18:00,09:00,18:00,09:00,16:00,09:00,16:00,일요일+공휴일,1,8,1.0,6.0,1.0,1.0,,경기도,양주시,경기도_양주시,ok
341560201000002,한국동물구조관리협회,경기도 포천시,법인,개+고양이+기타,031-867-9119,2025-09-25,2017-10-23,경기도 양주시 남면 감악산로 63-37  ,경기도 양주시 남면 상수리 410-1 ,37.870483,126.98364,09:00,18:00,09:00,16:00,09:00,16:00,,,일요일+공휴일,1,8,1.0,6.0,1.0,1.0,8.0,경기도,양주시,경기도_양주시,ok
311309200900001,한국동물구조관리협회,서울특별시 도봉구,법인,개+고양이+기타,031-867-9119,2025-09-29,2020-01-01,경기도 양주시 남면 상수리 410-1, 상수리 410-1,37.898113,126.97668,09:00,18:00,09:00,18:00,09:00,16:00,09:00,16:00,일요일+공휴일,1,8,1.0,6.0,1.0,1.0,,경기도,양주시,경기도_양주시,ok
311317201400001,한국동물구조관리협회,서울특별시 금천구,법인,개+고양이+기타,031-867-9119,2025-12-31,2014-01-01,경기도 양주시 남면 감악산로 63-37 (남면) , ,37.8701,126.98354,09:00,18:00,09:00,18:00,09:00,16:00,09:00,16:00,일요일+공휴일,1,10,1.0,6.0,1.0,1.0,,경기도,양주시,경기도_양주시,ok
311301201000001,한국동물구조관리협회,서울특별시 중구,법인,개+반려묘+다친새끼고양이,031-867-9119,2025-12-31,2025-12-29,경기도 양주시 남면 감악산로 63-37 (남면) , ,37.8701,126.98354,09:00,18:00,09:00,18:00,09:00,16:00,09:00,16:00,일요일+공휴일,1,8,1.0,6.0,1.0,1.0,,경기도,양주시,경기도_양주시,ok
311303200900001,한국동물구조관리협회,서울특별시 성동구,법인,개+고양이+기타,031-867-9119,2025-12-31,2019-12-16,경기도 양주시 남면 감악산로 63-37 (남면) ,경기도 양주시 남면 상수리 410-1 ,37.8701,126.98354,09:00,18:00,09:00,18:00,09:00,16:00,09:00,16:00,일요일+공휴일,1,10,1.0,6.0,1.0,1.0,,경기도,양주시,경기도_양주시,ok
311324201200001,한국동물구조관리협회,서울특별시 강동구,법인,개+고양이+기타,031-867-9119,2025-12-31,2023-01-01,경기도 양주시 남면 감악산로 63-37  (사)한국동물구조관리협회,경기도 양주시 남면 상수리 410-1 (사)한국동물구조관리협회,37.8701,126.98354,09:00,18:00,09:00,18:00,09:00,16:00,09:00,16:00,일요일+공휴일,1,8,1.0,6.0,1.0,1.0,,경기도,양주시,경기도_양주시,ok
311306201300001,한국동물구조관리협회,서울특별시 중랑구,법인,개+고양이+기타,031-867-9119,2026-01-21,2020-01-01,경기도 양주시 남면 감악산로 63-37 , ,37.8701,126.98354,09:00,24:00,09:00,18:00,09:00,24:00,09:00,18:00,일요일,1,8,1.0,6.0,1.0,1.0,6.0,경기도,양주시,경기도_양주시,ok
311304200900003,한국동물구조관리협회,서울특별시 광진구,법인,개+고양이+기타,031-867-9119,2026-01-06,2014-03-01,경기도 양주시 남면 감악산로 63-37 (남면) ,경기도 양주시 남면 상수리 410-1 ,37.8701,126.98354,09:00,18:00,09:00,18:00,09:00,16:00,09:00,16:00,일요일+공휴일,1,8,1.0,6.0,1.0,1.0,,경기도,양주시,경기도_양주시,ok
341414201300001,한국동물구조관리협회,경기도 연천군,법인,개+기타,031-867-9119,2026-01-05,2021-01-01,경기도 양주시 남면 감악산로 63-37 , ,37.8701,126.98354,09:00,17:00,,,,,,,일요일,1,8,,,,,,경기도,양주시,경기도_양주시,ok
341392201300001,한국동물구조관리협회,경기도 동두천시,법인,개+고양이+기타,031-867-9119,2026-01-02,2021-01-01,경기도 양주시 남면 감악산로 63-37 , ,37.8701,126.98354,09:00,18:00,,,,,,,토요일+일요일,1,8,1.0,6.0,1.0,1.0,2.0,경기도,양주시,경기도_양주시,ok
311310201000001,한국동물구조관리협회,서울특별시 노원구,법인,개+고양이+기타,031-868-2851,2026-01-02,2026-01-01,경기도 양주시 남면 감악산로 63-37 (남면) , ,37.8701,126.98354,09:00,18:00,09:00,18:00,09:00,16:00,09:00,16:00,일요일+공휴일,1,8,1.0,6.0,1.0,1.0,,경기도,양주시,경기도_양주시,ok
341406202200002,한국동물구조관리협회,경기도 파주시,법인,개+고양이,031-867-9119,2025-12-31,2022-12-12,경기도 양주시 남면 감악산로 63-37  ,경기도 양주시 남면 상수리 410-1 ,37.87019,126.9831,09:00,18:00,,,,,,,일요일,1,10,,,,,,경기도,양주시,경기도_양주시,ok
341403202100001,한국야생동물보호협회,경기도 의왕시,법인,개+고양이+기타,031-296-0124,2024-12-27,2023-01-02,경기도 안산시 상록구 청곡길 50 (부곡동) ,경기도 안산시 상록구 부곡동 231-5 ,37.34025,126.870026,10:00,17:00,,,,,,,일요일,1,4,,,,,,경기도,안산시,경기도_안산시,ok
341402202100001,한국야생동물보호협회,경기도 군포시,법인,개+고양이+기타,031-296-0124,2026-02-04,2021-04-01,경기도 안산시 상록구 청곡길 50 (부곡동) ,경기도 안산시 상록구 부곡동 231-5 ,37.340256,126.87,09:00,18:00,10:00,17:00,09:00,17:00,13:00,15:00,일요일+공휴일,1,5,1.0,3.0,3.0,1.0,1.0,경기도,안산시,경기도_안산시,ok
341393200900001,한국야생동물보호협회,경기도 안산시,단체,개+기타,031-296-0124,2025-12-31,2026-01-01,경기도 안산시 상록구 청곡길 50 (부곡동) 안산시 상록구 부곡동 231-5, 안산시 상록구 부곡동 231-5,37.34025,126.870026,00:00,24:00,10:00,17:00,09:00,17:00,10:00,15:00,일요일+공휴일,1,6,1.0,5.0,2.0,1.0,2.0,경기도,안산시,경기도_안산시,ok
341397202100001,한국야생동물보호협회,경기도 과천시,법인,개+고양이+기타,031-296-0124,2025-01-31,2021-01-01,경기도 안산시 상록구 청곡길 50 (부곡동) (사)한국야생동물보호협회,경기도 안산시 상록구 부곡동 231-5 (사)한국야생동물보호협회,37.34025,126.870026,09:00,18:00,,,09:00,17:00,,,0,1,4,,,,,1.0,경기도,안산시,경기도_안산시,ok
341390201300001,한국야생동물보호협회,경기도 광명시,법인,개+고양이+기타,031-296-0124,2026-03-09,2019-01-07,경기도 안산시 상록구 청곡길 50 (부곡동) 한국야생동물보호협회, 한국야생동물보호협회,37.34025,126.870026,10:00,17:00,10:00,17:00,13:00,15:00,10:00,15:00,일요일,1,4,1.0,5.0,2.0,1.0,2.0,경기도,안산시,경기도_안산시,ok
341383201300001,한국야생동물보호협회,경기도 안양시,법인,개+고양이+기타,031-296-0124,2025-12-31,2015-03-02,경기도 안산시 상록구 청곡길 50 (부곡동) .,경기도 안산시 상록구 부곡동 231-5 .,37.340107,126.86997,09:00,24:00,,,,,,,0,1,6,,,,,,경기도,안산시,경기도_안산시,ok
328354202600001,한국유기동물복지협회,인천광역시 부평구,법인,개,031-941-6355,2026-02-03,2026-02-03,"경기도 파주시 광탄면 혜음로 345  1층,2층","경기도 파주시 광탄면 용미리 319-7 1층,2층",37.7269,126.89022,09:00,18:00,,,,,,,일요일,1,6,,,,,,경기도,파주시,경기도_파주시,ok
328356202600003,한마음동물병원,인천광역시 서구,동물병원,개+고양이+기타동물,032-562-0075,,2026-02-25,경기도 김포시 통진읍 김포대로 2025  ,경기도 김포시 통진읍 도사리 657-3 ,37.68264,126.618546,10:00,18:00,,,,,,,일요일,1,1,1.0,1.0,1.0,1.0,1.0,경기도,김포시,경기도_김포시,ok
311303202000002,한빛동물병원,서울특별시 성동구,동물병원,고양이,02-2233-1848,2025-12-31,2023-01-01,서울특별시 성동구 금호산길 58 (금호동2가) ,서울특별시 성동구 금호동2가 485-1 ,37.553337,127.01954,10:00,19:00,,,,,,,1,1,0,,,,,,서울특별시,성동구,서울특별시_성동구,ok
348540200900001,함안군동물보호센터,경상남도 함안군,법인,개,,2025-10-01,2011-08-01,경상남도 함안군 가야읍 함안대로 755 , ,35.29307,128.3985,09:00,18:00,13:00,18:00,,,,,토요일+일요일,0,2,1.0,2.0,1.0,1.0,0.0,경상남도,함안군,경상남도_함안군,ok
348546200900001,함양군 동물보호센터,경상남도 함양군,법인,개,055-960-8143,2026-01-21,2026-01-01,경상남도 함양군 함양읍 함양남서로 996-76  농업기술센터 부지내,경상남도 함양군 함양읍 이은리 1160 농업기술센터 농업기술센터 부지내,35.50759,127.74137,09:00,18:00,09:00,18:00,09:00,18:00,09:00,12:00,토요일+일요일,1,2,1.0,20.0,20.0,1.0,1.0,경상남도,함양군,경상남도_함양군,ok
346493200900001,해남유기동물보호센터,전라남도 해남군,법인,개,061-531-3916,2024-01-24,2021-01-01,전라남도 해남군 해남읍 용머리길 14-37  ,전라남도 해남군 해남읍 남외리 550-1 축산사업소 ,34.56488,126.58743,09:00,18:00,09:00,18:00,10:00,17:00,11:00,16:00,0,1,4,1.0,8.0,2.0,1.0,1.0,전라남도,해남군,전라남도_해남군,ok
345464201200001,행복한동물병원,전북특별자치도 전주시,동물병원,개+고양이+기타,063-244-0090,2026-01-13,2023-01-01,전라북도 전주시 덕진구 인후동1가 806-6, 806-6,35.83134,127.15799,09:30,19:00,,,,,,,일요일+공휴일,1,3,,,,,1.0,전라북도,전주시,전라북도_전주시,ok
327346201800001,허동물병원,대구광역시 수성구,동물병원,개+고양이+기타,053-752-7535,2025-01-03,2018-01-30,대구광역시 수성구 수성동2가 명덕로 421 (수성동2가) 허동물병원, 허동물병원,35.854633,128.61632,09:00,19:00,,,,,,,일요일,1,3,,,,,,대구광역시,수성구,대구광역시_수성구,ok
344460202500001,홍성반려동물문화센터,충청남도 홍성군,단체,개+고양이+반려동물,041-630-1374,2026-02-04,2025-09-25,충청남도 홍성군 은하면 은하로 155-38  ,충청남도 홍성군 은하면 대천리 570-1 ,36.527393,126.5852,09:00,18:00,,,,,,,토요일+일요일+공휴일,0,5,,,,,1.0,충청남도,홍성군,충청남도_홍성군,ok
311313201000017,홍익동물병원,서울특별시 마포구,동물병원,개+고양이+토끼+기니피그+페럿+햄스터,02-325-2026,2026-01-08,2020-01-01,서울특별시 마포구 독막로 45 (합정동) ,서울특별시 마포구 합정동 411-18 ,37.5481,126.91839,09:30,19:00,10:30,18:00,09:30,18:00,10:30,17:00,일요일+공휴일,1,1,,,,,1.0,서울특별시,마포구,서울특별시_마포구,ok
342425201400001,홍천군유기동물보호소,강원특별자치도 홍천군,법인,개+고양이,033-434-9435,2024-09-13,2013-12-21,"강원도 홍천군 화촌면 둔덕이길 68 (화촌면, 홍천군유기동물보호센터) ", ,37.755093,127.94747,09:00,18:00,09:00,18:00,09:00,18:00,09:00,18:00,토요일+일요일,0,6,0.0,6.0,1.0,1.0,1.0,,홍천군,_홍천군,ok
341553202500001,화성시민동물보호센터,경기도 화성시,법인,개+고양이,,2026-02-01,2025-12-24,경기도 화성시 서신면 전곡항로 492  ,경기도 화성시 서신면 전곡리 360-5 ,37.190857,126.673225,09:00,18:00,,,,,,,토요일+일요일,1,6,,,,,,경기도,화성시,경기도_화성시,ok
346490202000001,화순군유기동물보호소,전라남도 화순군,개인,개,,2025-01-10,2020-06-01,전라남도 화순군 한천면 덕음로 115 (한천면) , ,34.98535,126.998924,09:00,18:00,,,,,,,토요일,0,2,,,,,,전라남도,화순군,전라남도_화순군,ok
327348201500004,화원연합동물병원,대구광역시 달성군,동물병원,개+고양이,053-634-7975,2025-01-31,2015-02-01,대구광역시 달성군 화원읍 사문진로 447 (화원읍) 화원읍 관할, 화원읍 관할,35.803734,128.49742,09:00,19:00,09:00,19:00,09:00,18:00,09:00,18:00,일요일,2,4,2.0,1.0,1.0,1.0,1.0,대구광역시,달성군,대구광역시_달성군,ok
342431201300001,화천군농업기술센터,강원특별자치도 화천군,법인,개,033-440-2941,2024-12-27,2021-01-01,강원도 화천군 상서면 영서로 6387-9  화천농업기술센터,강원도 화천군 상서면 신풍리 809 화천농업기술센터,38.115845,127.681946,09:00,18:00,09:00,18:00,,,,,토요일+일요일+공휴일,0,2,,,,,,,화천군,_화천군,ok
342426202500001,횡성반려동물보호센터,강원특별자치도 횡성군,법인,개+고양이,033-340-2395,,2025-12-04,강원특별자치도 횡성군 우천면 한우로 1109  ,강원특별자치도 횡성군 우천면 양적리 140 ,37.470608,128.05547,09:00,18:00,,,,,,,토요일+일요일,0,4,,,,,,강원특별자치도,횡성군,강원특별자치도_횡성군,ok
345464202200001,효자동물병원,전북특별자치도 전주시,동물병원,개+고양이+기타,063-224-6672,2026-01-13,2023-01-01,전라북도 전주시 완산구 백제대로 121 (효자동1가) ,전라북도 전주시 완산구 효자동1가 563-8 효자동물병원 ,35.803795,127.123764,09:00,18:00,,,,,,,일요일+공휴일,1,4,1.0,1.0,1.0,1.0,,전라북도,전주시,전라북도_전주시,ok
